schemaVersion,evidenceState,rowOrdinal,rowId,scale,cellOrdinal,leafSize,lambda,comparisonId,anchorSynthetic,blockCount,timeReductionPercent,workReductionPercent,aabbReductionPercent,primitiveReductionPercent,referenceModeledWork,candidateModeledWork,topologySha256
1,V18_GPU_MEASURED,0,hero-96,96,0,1,0,uniform__sensitivity_leaf_1_lambda_0_00,false,4,-8.216079667,1.676299341,-19.808209397,44.798995275,47957871.381377322,47153953.899580450,2562d4d42ba3831da1ff64f685adcd5c3afa7e56316b85d05b6b5968657d2980
1,V18_GPU_MEASURED,0,hero-96,96,1,1,0.25,uniform__sensitivity_leaf_1_lambda_0_25,false,4,-6.626929307,3.598943577,-16.603045061,44.799047639,47957871.381377322,46231894.649393352,e2453426eceb434f9fc8053b78e98a132dd1b61357c7587b98d3815f3971a935
1,V18_GPU_MEASURED,0,hero-96,96,2,1,0.5,uniform__sensitivity_leaf_1_lambda_0_50,false,4,-6.018368993,4.431358785,-15.215337987,44.799047639,47957871.381377322,45832686.034795952,fc12ab4b35027b38cbc79ac8cd9cf57187eca1e2bdbfff12f34a130089e2489d
1,V18_GPU_MEASURED,0,hero-96,96,3,1,0.75,uniform__sensitivity_leaf_1_lambda_0_75,false,4,0.312967137,10.425329796,-5.279877209,44.932231113,47957871.381377322,42958105.126805912,79e0d07080ec2da3d15e9b6a1fdc63dae3384f02fc12732408fffd66d50075b0
1,V18_GPU_MEASURED,0,hero-96,96,4,1,1,uniform__sensitivity_leaf_1_lambda_1_00,false,4,0.219607597,10.427889121,-5.275610596,44.932231113,47957871.381377322,42956877.728956432,7a1822d45986d237e48cd0d02438c2ec3345ff59a130ea14381235e9cc59e23f
1,V18_GPU_MEASURED,0,hero-96,96,5,1,2,uniform__sensitivity_leaf_1_lambda_2_00,false,4,0.416141925,10.423309833,-5.283244660,44.932231113,47957871.381377322,42959073.858166452,93c6e43c314bb6e79b6cebd368f89a1c11e79fd8b59c17d6c87588778c3ed884
1,V18_GPU_MEASURED,0,hero-96,96,6,1,5,uniform__sensitivity_leaf_1_lambda_5_00,false,4,1.508560980,11.023176157,-4.291518063,44.922041011,47957871.381377322,42671390.737939574,70d54c193f6996ba334e9ba8d1963c171c590a342480d33749b2d817a99acca4
1,V18_GPU_MEASURED,0,hero-96,96,7,1,10,uniform__sensitivity_leaf_1_lambda_10_00,false,4,1.616975836,10.624924241,-5.027367766,44.987339349,47957871.381377322,42862383.879390142,e003e00d000cab27e875552d3cb3265e98ac8dec9120a73c3b88b0c1acc79253
1,V18_GPU_MEASURED,0,hero-96,96,8,1,20,uniform__sensitivity_leaf_1_lambda_20_00,false,4,-0.952899126,9.826301753,-6.447486994,45.069624680,47957871.381377322,43245386.225141024,62e6cdc7ad0666ad9b87ba027ee030e67f6d06188144a2c1c1b26154bbe0cf37
1,V18_GPU_MEASURED,0,hero-96,96,9,1,50,uniform__sensitivity_leaf_1_lambda_50_00,false,4,-1.417478257,9.826301753,-6.447486994,45.069624680,47957871.381377322,43245386.225141024,6542c0ac1e3661a383b97446c2ea93f5fe5887a3a155721773e6e0883e7ba73e
1,V18_GPU_MEASURED,0,hero-96,96,10,1,100,uniform__sensitivity_leaf_1_lambda_100_00,false,4,-0.866396300,9.826301753,-6.447486994,45.069624680,47957871.381377322,43245386.225141024,83d61dd74c4e99b0fca099a2a64029e06a515b10a8e0c4fcbd20b45e69f6ac32
1,V18_GPU_MEASURED,0,hero-96,96,11,2,0,uniform__sensitivity_leaf_2_lambda_0_00,false,4,-2.720251962,1.453320855,-8.421218656,25.346720034,47957871.381377322,47260889.635125694,ca17f240f6c051ad8e5f1c1bc067d56d64cc3f7e89febd02b7bb330b1d110763
1,V18_GPU_MEASURED,0,hero-96,96,12,2,0.25,uniform__sensitivity_leaf_2_lambda_0_25,false,4,-0.757124700,3.375973697,-5.216068424,25.346803817,47957871.381377322,46338826.258106302,cfdbfefa79401445aafe8af53c6bf8ddb179cc2609e0483b5f52689cc83cb7a8
1,V18_GPU_MEASURED,0,hero-96,96,13,2,0.5,uniform__sensitivity_leaf_2_lambda_0_50,false,4,-0.031842976,4.208388904,-3.828361351,25.346803817,47957871.381377322,45939617.643508902,36d179c2f5230601d9bcbb4806876a4b8dbeb8879d84f49e86183314c974fcfd
1,V18_GPU_MEASURED,0,hero-96,96,14,2,0.75,uniform__sensitivity_leaf_2_lambda_0_75,false,4,6.958130863,11.708157920,3.372944486,37.738260385,47957871.381377322,42342888.064995146,fc50eb79ebd47a4eb9ae3e28056a6cb9b813ce374b3c432c4999d52e9448a6da
1,V18_GPU_MEASURED,0,hero-96,96,15,2,1,uniform__sensitivity_leaf_2_lambda_1_00,false,4,6.760342138,11.710717245,3.377211099,37.738260385,47957871.381377322,42341660.667145666,5f6d8e59db437edbd3aee5f446ba3858a66b56dbba7e967e021d0dd0f7ceb15f
1,V18_GPU_MEASURED,0,hero-96,96,16,2,2,uniform__sensitivity_leaf_2_lambda_2_00,false,4,6.636075351,11.706137957,3.369577036,37.738260385,47957871.381377322,42343856.796355686,d872c07d72b8f9ee9207c3895ae372ef43ec3d86a12095b1ccd4b3d64172574d
1,V18_GPU_MEASURED,0,hero-96,96,17,2,5,uniform__sensitivity_leaf_2_lambda_5_00,false,4,1.718876521,11.023176157,-4.291518063,44.922041011,47957871.381377322,42671390.737939574,70d54c193f6996ba334e9ba8d1963c171c590a342480d33749b2d817a99acca4
1,V18_GPU_MEASURED,0,hero-96,96,18,2,10,uniform__sensitivity_leaf_2_lambda_10_00,false,4,0.796331220,10.651095687,-3.727295514,41.201952310,47957871.381377322,42849832.610869706,8fc018b6b4ff26cdcffd694bc98cf4121e38bc9ec511dfb45b88abfa312efe79
1,V18_GPU_MEASURED,0,hero-96,96,19,2,20,uniform__sensitivity_leaf_2_lambda_20_00,false,4,-0.890288801,9.852473199,-5.147414742,41.284237641,47957871.381377322,43232834.956620588,b140d07bfca32a4119ef5a0139e7b52178d4defb38476086e61a669824493721
1,V18_GPU_MEASURED,0,hero-96,96,20,2,50,uniform__sensitivity_leaf_2_lambda_50_00,false,4,-0.594768736,9.852473199,-5.147414742,41.284237641,47957871.381377322,43232834.956620588,493a8ab6f9ecbdb73e9f92691a296054af1b5fc213c1c5dcc2e0ffb82517c5e4
1,V18_GPU_MEASURED,0,hero-96,96,21,2,100,uniform__sensitivity_leaf_2_lambda_100_00,false,4,-1.060310143,9.852473199,-5.147414742,41.284237641,47957871.381377322,43232834.956620588,cdba929cf13cc683493d3b827b2622f35732f817b52e773e4d59804a40ed80e3
1,V18_GPU_MEASURED,0,hero-96,96,22,4,0,uniform__sensitivity_leaf_4_lambda_0_00,false,4,-0.636281447,0.494922846,-2.832502134,8.549191379,47957871.381377322,47720516.919567970,e3917107dda8bfd3d93d573313930a70d85c918704f5368463fd4fb700f5c6f6
1,V18_GPU_MEASURED,0,hero-96,96,23,4,0.25,uniform__sensitivity_leaf_4_lambda_0_25,false,4,0.679181814,2.417575688,0.372648098,8.549275162,47957871.381377322,46798453.542548578,9ecfa0c85f717699e3525574d19eaee3a54bf627880e6c1d5d4aeee3f650fb92
1,V18_GPU_MEASURED,0,hero-96,96,24,4,0.5,uniform__sensitivity_leaf_4_lambda_0_50,false,4,1.809561929,3.249990895,1.760355171,8.549275162,47957871.381377322,46399244.927951178,06693263d54211745350c262f07cd6a079591a20e45cfee9ec83dc0b7cc36b33
1,V18_GPU_MEASURED,0,hero-96,96,25,4,0.75,uniform__sensitivity_leaf_4_lambda_0_75,false,4,7.466482334,9.281701749,11.562211017,9.141756773,47957871.381377322,43506564.794497522,8e36fab511d3a285cf9d2182da7ea5a0465eeea44cc5509f89a73c397c9cb4b0
1,V18_GPU_MEASURED,0,hero-96,96,26,4,1,uniform__sensitivity_leaf_4_lambda_1_00,false,4,6.933233259,11.710717245,3.377211099,37.738260385,47957871.381377322,42341660.667145666,5f6d8e59db437edbd3aee5f446ba3858a66b56dbba7e967e021d0dd0f7ceb15f
1,V18_GPU_MEASURED,0,hero-96,96,27,4,2,uniform__sensitivity_leaf_4_lambda_2_00,false,4,6.940174343,11.706137957,3.369577036,37.738260385,47957871.381377322,42343856.796355686,d872c07d72b8f9ee9207c3895ae372ef43ec3d86a12095b1ccd4b3d64172574d
1,V18_GPU_MEASURED,0,hero-96,96,28,4,5,uniform__sensitivity_leaf_4_lambda_5_00,false,4,1.635650343,11.023176157,-4.291518063,44.922041011,47957871.381377322,42671390.737939574,70d54c193f6996ba334e9ba8d1963c171c590a342480d33749b2d817a99acca4
1,V18_GPU_MEASURED,0,hero-96,96,29,4,10,uniform__sensitivity_leaf_4_lambda_10_00,false,4,1.408220600,10.651095687,-3.727295514,41.201952310,47957871.381377322,42849832.610869706,8fc018b6b4ff26cdcffd694bc98cf4121e38bc9ec511dfb45b88abfa312efe79
1,V18_GPU_MEASURED,0,hero-96,96,30,4,20,uniform__sensitivity_leaf_4_lambda_20_00,false,4,-0.437743525,9.852473199,-5.147414742,41.284237641,47957871.381377322,43232834.956620588,b140d07bfca32a4119ef5a0139e7b52178d4defb38476086e61a669824493721
1,V18_GPU_MEASURED,0,hero-96,96,31,4,50,uniform__sensitivity_leaf_4_lambda_50_00,false,4,-0.694666125,9.852473199,-5.147414742,41.284237641,47957871.381377322,43232834.956620588,493a8ab6f9ecbdb73e9f92691a296054af1b5fc213c1c5dcc2e0ffb82517c5e4
1,V18_GPU_MEASURED,0,hero-96,96,32,4,100,uniform__sensitivity_leaf_4_lambda_100_00,false,4,-0.364913580,9.852473199,-5.147414742,41.284237641,47957871.381377322,43232834.956620588,cdba929cf13cc683493d3b827b2622f35732f817b52e773e4d59804a40ed80e3
1,V18_GPU_MEASURED,0,hero-96,96,33,8,0,anchor,true,0,0.000000000,0.000000000,0.000000000,0.000000000,47957871.381377322,47957871.381377322,b92d621bf116e54c8734c3d09d43476a990a4c99aedd930cb007f390413cb1f5
1,V18_GPU_MEASURED,0,hero-96,96,34,8,0.25,uniform__sensitivity_leaf_8_lambda_0_25,false,4,2.189756806,1.922652842,3.205150232,0.000083783,47957871.381377322,47035808.004357930,24629595271697e7db78b78d8f4c8a617ae4416b1175a1a16edd21c6fe109905
1,V18_GPU_MEASURED,0,hero-96,96,35,8,0.5,uniform__sensitivity_leaf_8_lambda_0_50,false,4,2.353263374,2.755068049,4.592857305,0.000083783,47957871.381377322,46636599.389760530,f8c05e71d286a34d44a22500688a1b01f2d6d8901c90c3c8bdb42d49e0ffe1b3
1,V18_GPU_MEASURED,0,hero-96,96,36,8,0.75,uniform__sensitivity_leaf_8_lambda_0_75,false,4,8.203722093,8.797340830,14.344081502,0.752067187,47957871.381377322,43738853.981128246,946a6fb3fbda4084403a5a72ee032db019e9c48634fe3cfa53ddbb0617ce0d0c
1,V18_GPU_MEASURED,0,hero-96,96,37,8,1,uniform__weighted,false,4,6.605819182,11.710717245,3.377211099,37.738260385,47957871.381377322,42341660.667145666,5f6d8e59db437edbd3aee5f446ba3858a66b56dbba7e967e021d0dd0f7ceb15f
1,V18_GPU_MEASURED,0,hero-96,96,38,8,2,uniform__sensitivity_leaf_8_lambda_2_00,false,4,7.065733513,11.706137957,3.369577036,37.738260385,47957871.381377322,42343856.796355686,d872c07d72b8f9ee9207c3895ae372ef43ec3d86a12095b1ccd4b3d64172574d
1,V18_GPU_MEASURED,0,hero-96,96,39,8,5,uniform__sensitivity_leaf_8_lambda_5_00,false,4,1.540928132,11.023176157,-4.291518063,44.922041011,47957871.381377322,42671390.737939574,70d54c193f6996ba334e9ba8d1963c171c590a342480d33749b2d817a99acca4
1,V18_GPU_MEASURED,0,hero-96,96,40,8,10,uniform__sensitivity_leaf_8_lambda_10_00,false,4,1.069332308,10.651095687,-3.727295514,41.201952310,47957871.381377322,42849832.610869706,8fc018b6b4ff26cdcffd694bc98cf4121e38bc9ec511dfb45b88abfa312efe79
1,V18_GPU_MEASURED,0,hero-96,96,41,8,20,uniform__sensitivity_leaf_8_lambda_20_00,false,4,-0.922555340,9.852473199,-5.147414742,41.284237641,47957871.381377322,43232834.956620588,b140d07bfca32a4119ef5a0139e7b52178d4defb38476086e61a669824493721
1,V18_GPU_MEASURED,0,hero-96,96,42,8,50,uniform__sensitivity_leaf_8_lambda_50_00,false,4,-0.969255416,9.852473199,-5.147414742,41.284237641,47957871.381377322,43232834.956620588,493a8ab6f9ecbdb73e9f92691a296054af1b5fc213c1c5dcc2e0ffb82517c5e4
1,V18_GPU_MEASURED,0,hero-96,96,43,8,100,uniform__sensitivity_leaf_8_lambda_100_00,false,4,-0.603193207,9.852473199,-5.147414742,41.284237641,47957871.381377322,43232834.956620588,cdba929cf13cc683493d3b827b2622f35732f817b52e773e4d59804a40ed80e3
1,V18_GPU_MEASURED,0,hero-96,96,44,16,0,uniform__sensitivity_leaf_16_lambda_0_00,false,4,0.131237770,0.000000000,0.000000000,0.000000000,47957871.381377322,47957871.381377322,b92d621bf116e54c8734c3d09d43476a990a4c99aedd930cb007f390413cb1f5
1,V18_GPU_MEASURED,0,hero-96,96,45,16,0.25,uniform__sensitivity_leaf_16_lambda_0_25,false,4,1.420221918,1.922652842,3.205150232,0.000083783,47957871.381377322,47035808.004357930,24629595271697e7db78b78d8f4c8a617ae4416b1175a1a16edd21c6fe109905
1,V18_GPU_MEASURED,0,hero-96,96,46,16,0.5,uniform__sensitivity_leaf_16_lambda_0_50,false,4,2.386132316,2.755068049,4.592857305,0.000083783,47957871.381377322,46636599.389760530,f8c05e71d286a34d44a22500688a1b01f2d6d8901c90c3c8bdb42d49e0ffe1b3
1,V18_GPU_MEASURED,0,hero-96,96,47,16,0.75,uniform__sensitivity_leaf_16_lambda_0_75,false,4,7.875863132,8.797340830,14.344081502,0.752067187,47957871.381377322,43738853.981128246,946a6fb3fbda4084403a5a72ee032db019e9c48634fe3cfa53ddbb0617ce0d0c
1,V18_GPU_MEASURED,0,hero-96,96,48,16,1,uniform__sensitivity_leaf_16_lambda_1_00,false,4,6.864076347,11.710717245,3.377211099,37.738260385,47957871.381377322,42341660.667145666,5f6d8e59db437edbd3aee5f446ba3858a66b56dbba7e967e021d0dd0f7ceb15f
1,V18_GPU_MEASURED,0,hero-96,96,49,16,2,uniform__sensitivity_leaf_16_lambda_2_00,false,4,7.036434065,11.706137957,3.369577036,37.738260385,47957871.381377322,42343856.796355686,d872c07d72b8f9ee9207c3895ae372ef43ec3d86a12095b1ccd4b3d64172574d
1,V18_GPU_MEASURED,0,hero-96,96,50,16,5,uniform__sensitivity_leaf_16_lambda_5_00,false,4,1.407519882,11.023176157,-4.291518063,44.922041011,47957871.381377322,42671390.737939574,70d54c193f6996ba334e9ba8d1963c171c590a342480d33749b2d817a99acca4
1,V18_GPU_MEASURED,0,hero-96,96,51,16,10,uniform__sensitivity_leaf_16_lambda_10_00,false,4,1.170016563,10.651095687,-3.727295514,41.201952310,47957871.381377322,42849832.610869706,8fc018b6b4ff26cdcffd694bc98cf4121e38bc9ec511dfb45b88abfa312efe79
1,V18_GPU_MEASURED,0,hero-96,96,52,16,20,uniform__sensitivity_leaf_16_lambda_20_00,false,4,-0.599757965,9.852473199,-5.147414742,41.284237641,47957871.381377322,43232834.956620588,b140d07bfca32a4119ef5a0139e7b52178d4defb38476086e61a669824493721
1,V18_GPU_MEASURED,0,hero-96,96,53,16,50,uniform__sensitivity_leaf_16_lambda_50_00,false,4,-0.690349119,9.852473199,-5.147414742,41.284237641,47957871.381377322,43232834.956620588,493a8ab6f9ecbdb73e9f92691a296054af1b5fc213c1c5dcc2e0ffb82517c5e4
1,V18_GPU_MEASURED,0,hero-96,96,54,16,100,uniform__sensitivity_leaf_16_lambda_100_00,false,4,-0.047468216,9.852473199,-5.147414742,41.284237641,47957871.381377322,43232834.956620588,cdba929cf13cc683493d3b827b2622f35732f817b52e773e4d59804a40ed80e3
1,V18_GPU_MEASURED,0,hero-96,96,55,32,0,uniform__sensitivity_leaf_32_lambda_0_00,false,4,-0.154576973,0.000000000,0.000000000,0.000000000,47957871.381377322,47957871.381377322,b92d621bf116e54c8734c3d09d43476a990a4c99aedd930cb007f390413cb1f5
1,V18_GPU_MEASURED,0,hero-96,96,56,32,0.25,uniform__sensitivity_leaf_32_lambda_0_25,false,4,1.964098281,1.922652842,3.205150232,0.000083783,47957871.381377322,47035808.004357930,24629595271697e7db78b78d8f4c8a617ae4416b1175a1a16edd21c6fe109905
1,V18_GPU_MEASURED,0,hero-96,96,57,32,0.5,uniform__sensitivity_leaf_32_lambda_0_50,false,4,2.344264920,2.755068049,4.592857305,0.000083783,47957871.381377322,46636599.389760530,f8c05e71d286a34d44a22500688a1b01f2d6d8901c90c3c8bdb42d49e0ffe1b3
1,V18_GPU_MEASURED,0,hero-96,96,58,32,0.75,uniform__sensitivity_leaf_32_lambda_0_75,false,4,8.218693787,8.797340830,14.344081502,0.752067187,47957871.381377322,43738853.981128246,946a6fb3fbda4084403a5a72ee032db019e9c48634fe3cfa53ddbb0617ce0d0c
1,V18_GPU_MEASURED,0,hero-96,96,59,32,1,uniform__sensitivity_leaf_32_lambda_1_00,false,4,6.608556378,11.710717245,3.377211099,37.738260385,47957871.381377322,42341660.667145666,5f6d8e59db437edbd3aee5f446ba3858a66b56dbba7e967e021d0dd0f7ceb15f
1,V18_GPU_MEASURED,0,hero-96,96,60,32,2,uniform__sensitivity_leaf_32_lambda_2_00,false,4,6.625682206,11.706137957,3.369577036,37.738260385,47957871.381377322,42343856.796355686,d872c07d72b8f9ee9207c3895ae372ef43ec3d86a12095b1ccd4b3d64172574d
1,V18_GPU_MEASURED,0,hero-96,96,61,32,5,uniform__sensitivity_leaf_32_lambda_5_00,false,4,1.920713370,11.023176157,-4.291518063,44.922041011,47957871.381377322,42671390.737939574,70d54c193f6996ba334e9ba8d1963c171c590a342480d33749b2d817a99acca4
1,V18_GPU_MEASURED,0,hero-96,96,62,32,10,uniform__sensitivity_leaf_32_lambda_10_00,false,4,1.517569772,10.651095687,-3.727295514,41.201952310,47957871.381377322,42849832.610869706,8fc018b6b4ff26cdcffd694bc98cf4121e38bc9ec511dfb45b88abfa312efe79
1,V18_GPU_MEASURED,0,hero-96,96,63,32,20,uniform__sensitivity_leaf_32_lambda_20_00,false,4,-0.691440817,9.852473199,-5.147414742,41.284237641,47957871.381377322,43232834.956620588,b140d07bfca32a4119ef5a0139e7b52178d4defb38476086e61a669824493721
1,V18_GPU_MEASURED,0,hero-96,96,64,32,50,uniform__sensitivity_leaf_32_lambda_50_00,false,4,-0.692745312,9.852473199,-5.147414742,41.284237641,47957871.381377322,43232834.956620588,493a8ab6f9ecbdb73e9f92691a296054af1b5fc213c1c5dcc2e0ffb82517c5e4
1,V18_GPU_MEASURED,0,hero-96,96,65,32,100,uniform__sensitivity_leaf_32_lambda_100_00,false,4,-0.876690238,9.852473199,-5.147414742,41.284237641,47957871.381377322,43232834.956620588,cdba929cf13cc683493d3b827b2622f35732f817b52e773e4d59804a40ed80e3
1,V18_GPU_MEASURED,0,hero-96,96,66,64,0,uniform__sensitivity_leaf_64_lambda_0_00,false,4,-0.059080953,0.000000000,0.000000000,0.000000000,47957871.381377322,47957871.381377322,b92d621bf116e54c8734c3d09d43476a990a4c99aedd930cb007f390413cb1f5
1,V18_GPU_MEASURED,0,hero-96,96,67,64,0.25,uniform__sensitivity_leaf_64_lambda_0_25,false,4,1.717740106,1.922652842,3.205150232,0.000083783,47957871.381377322,47035808.004357930,24629595271697e7db78b78d8f4c8a617ae4416b1175a1a16edd21c6fe109905
1,V18_GPU_MEASURED,0,hero-96,96,68,64,0.5,uniform__sensitivity_leaf_64_lambda_0_50,false,4,2.194938133,2.755068049,4.592857305,0.000083783,47957871.381377322,46636599.389760530,f8c05e71d286a34d44a22500688a1b01f2d6d8901c90c3c8bdb42d49e0ffe1b3
1,V18_GPU_MEASURED,0,hero-96,96,69,64,0.75,uniform__sensitivity_leaf_64_lambda_0_75,false,4,8.253613115,8.797340830,14.344081502,0.752067187,47957871.381377322,43738853.981128246,946a6fb3fbda4084403a5a72ee032db019e9c48634fe3cfa53ddbb0617ce0d0c
1,V18_GPU_MEASURED,0,hero-96,96,70,64,1,uniform__sensitivity_leaf_64_lambda_1_00,false,4,6.875370394,11.710717245,3.377211099,37.738260385,47957871.381377322,42341660.667145666,5f6d8e59db437edbd3aee5f446ba3858a66b56dbba7e967e021d0dd0f7ceb15f
1,V18_GPU_MEASURED,0,hero-96,96,71,64,2,uniform__sensitivity_leaf_64_lambda_2_00,false,4,6.991447363,11.706137957,3.369577036,37.738260385,47957871.381377322,42343856.796355686,d872c07d72b8f9ee9207c3895ae372ef43ec3d86a12095b1ccd4b3d64172574d
1,V18_GPU_MEASURED,0,hero-96,96,72,64,5,uniform__sensitivity_leaf_64_lambda_5_00,false,4,1.875486385,11.023176157,-4.291518063,44.922041011,47957871.381377322,42671390.737939574,70d54c193f6996ba334e9ba8d1963c171c590a342480d33749b2d817a99acca4
1,V18_GPU_MEASURED,0,hero-96,96,73,64,10,uniform__sensitivity_leaf_64_lambda_10_00,false,4,0.567800298,10.651095687,-3.727295514,41.201952310,47957871.381377322,42849832.610869706,8fc018b6b4ff26cdcffd694bc98cf4121e38bc9ec511dfb45b88abfa312efe79
1,V18_GPU_MEASURED,0,hero-96,96,74,64,20,uniform__sensitivity_leaf_64_lambda_20_00,false,4,-0.856691032,9.852473199,-5.147414742,41.284237641,47957871.381377322,43232834.956620588,b140d07bfca32a4119ef5a0139e7b52178d4defb38476086e61a669824493721
1,V18_GPU_MEASURED,0,hero-96,96,75,64,50,uniform__sensitivity_leaf_64_lambda_50_00,false,4,-0.591431130,9.852473199,-5.147414742,41.284237641,47957871.381377322,43232834.956620588,493a8ab6f9ecbdb73e9f92691a296054af1b5fc213c1c5dcc2e0ffb82517c5e4
1,V18_GPU_MEASURED,0,hero-96,96,76,64,100,uniform__sensitivity_leaf_64_lambda_100_00,false,4,-0.569133524,9.852473199,-5.147414742,41.284237641,47957871.381377322,43232834.956620588,cdba929cf13cc683493d3b827b2622f35732f817b52e773e4d59804a40ed80e3
1,V18_GPU_MEASURED,1,hero-1k,1000,0,1,0,uniform__sensitivity_leaf_1_lambda_0_00,false,4,-6.447860220,0.721834633,-13.271723736,37.531815208,82568887.004858854,81972876.182012214,b2563ec471dc1c9e3c8f9c8e242d62c12d9f93db9698eedf58d261cf6e18a6f9
1,V18_GPU_MEASURED,1,hero-1k,1000,1,1,0.25,uniform__sensitivity_leaf_1_lambda_0_25,false,4,-4.204345935,3.295772419,-9.412416635,37.556991121,82568887.004858854,79847604.400479960,1084bdff5da1ff0d472e5d3d6288c06c871155aedc2a69ca5992b7b32d1c3cf8
1,V18_GPU_MEASURED,1,hero-1k,1000,2,1,0.5,uniform__sensitivity_leaf_1_lambda_0_50,false,4,1.342163791,8.981650876,-0.945522332,37.749022995,82568887.004858854,75152837.841799046,cce7c6a8d5bedb0fe67fc30d2d67e0a1ddbbfd5f754f30e48f0a19b3149dbf8e
1,V18_GPU_MEASURED,1,hero-1k,1000,3,1,0.75,uniform__sensitivity_leaf_1_lambda_0_75,false,4,1.898744318,9.457114079,-0.265981160,37.806152048,82568887.004858854,74760253.167408290,f59588fd3006047de08fed159e79ba32bac90382c9c9b454da5c0aec22c50bd3
1,V18_GPU_MEASURED,1,hero-1k,1000,4,1,1,uniform__sensitivity_leaf_1_lambda_1_00,false,4,2.055571775,9.690074107,0.086075795,37.804086011,82568887.004858854,74567900.664984370,df16ebf04dc20e44ecc4701eb36461c6e69538547155608a87bb644d5193b237
1,V18_GPU_MEASURED,1,hero-1k,1000,5,1,2,uniform__sensitivity_leaf_1_lambda_2_00,false,4,1.626935812,9.788406193,0.233865507,37.804492957,82568887.004858854,74486708.955410118,754071bcafdef8125f540839c52eacccc74390eaa74bd1f995c27fcebe84cd51
1,V18_GPU_MEASURED,1,hero-1k,1000,6,1,5,uniform__sensitivity_leaf_1_lambda_5_00,false,4,2.015089514,9.787117472,0.231925214,37.804492957,82568887.004858854,74487773.038339130,a14256baae3936282710135bddb2a72289a1b8186671dad8a07099381e49eb47
1,V18_GPU_MEASURED,1,hero-1k,1000,7,1,10,uniform__sensitivity_leaf_1_lambda_10_00,false,4,1.390399818,9.635934323,-0.040809057,37.870418318,82568887.004858854,74612603.281535474,185e629406a4c73bde574304a76d117b6b171fc517dca90cea46a74511e52087
1,V18_GPU_MEASURED,1,hero-1k,1000,8,1,20,uniform__sensitivity_leaf_1_lambda_20_00,false,4,-0.895892639,8.389268035,-2.089230224,38.111847259,82568887.004858854,75641961.760104386,36cb8f7a463790b8a13807f4ac901dd99e927c203fa99f13fb5d74fd87b2b8fb
1,V18_GPU_MEASURED,1,hero-1k,1000,9,1,50,uniform__sensitivity_leaf_1_lambda_50_00,false,4,-1.892618684,8.179280161,-2.405344579,38.109609052,82568887.004858854,75815346.410604274,6042ccb907c2a32e8ee99622f7af72448c5af50a38f111d5da53a47c3a2a2c57
1,V18_GPU_MEASURED,1,hero-1k,1000,10,1,100,uniform__sensitivity_leaf_1_lambda_100_00,false,4,-1.381089857,8.179280161,-2.405344579,38.109609052,82568887.004858854,75815346.410604274,3771f3617cbd7a2ef1077e907ab531b765381648b02304f8ba49e2b6775ca343
1,V18_GPU_MEASURED,1,hero-1k,1000,11,2,0,uniform__sensitivity_leaf_2_lambda_0_00,false,4,-0.422677509,0.848278956,-4.448137230,19.063557792,82568887.004858854,81868472.512484342,ceeee61706ea802a11d79a8dbcc4aa9c7c8fe6653bd9b83e0e9d3b1ae3a77db5
1,V18_GPU_MEASURED,1,hero-1k,1000,12,2,0.25,uniform__sensitivity_leaf_2_lambda_0_25,false,4,1.795581958,3.418161456,-0.591090414,19.082684286,82568887.004858854,79746549.134455210,4ce3c6dc1c0559785ff4956953bb994379308d0e1aed63cecb9c9be33744a41a
1,V18_GPU_MEASURED,1,hero-1k,1000,13,2,0.5,uniform__sensitivity_leaf_2_lambda_0_50,false,4,6.980882502,9.096364994,7.846168631,19.343576233,82568887.004858854,75058119.671369134,a62de9ce5fb052e4fa02d4572d72fd3f4ef08872a9aaf02604980d01bce6a5f2
1,V18_GPU_MEASURED,1,hero-1k,1000,14,2,0.75,uniform__sensitivity_leaf_2_lambda_0_75,false,4,8.043225232,10.449957863,7.087410204,28.589545524,82568887.004858854,73940473.104595414,f3434e24d73ea2e817a77d5e6bfb976c27f6d754eeeb9202756224bdd50a6cc7
1,V18_GPU_MEASURED,1,hero-1k,1000,15,2,1,uniform__sensitivity_leaf_2_lambda_1_00,false,4,8.324632463,10.683822438,7.439456061,28.589639435,82568887.004858854,73747373.728623990,54610a3b178623aec745e5aa55645d496b67c47a9aee751d42f5ad71283bbeed
1,V18_GPU_MEASURED,1,hero-1k,1000,16,2,2,uniform__sensitivity_leaf_2_lambda_2_00,false,4,7.914764916,10.782041889,7.587225428,28.589811605,82568887.004858854,73666275.020670466,dc788193d10f529aa4d813356e7fa12ef8383b27dd025152649804a5cff30e9b
1,V18_GPU_MEASURED,1,hero-1k,1000,17,2,5,uniform__sensitivity_leaf_2_lambda_5_00,false,4,2.584083916,9.787117472,0.231925214,37.804492957,82568887.004858854,74487773.038339130,a14256baae3936282710135bddb2a72289a1b8186671dad8a07099381e49eb47
1,V18_GPU_MEASURED,1,hero-1k,1000,18,2,10,uniform__sensitivity_leaf_2_lambda_10_00,false,4,1.327472179,9.635934323,-0.040809057,37.870418318,82568887.004858854,74612603.281535474,185e629406a4c73bde574304a76d117b6b171fc517dca90cea46a74511e52087
1,V18_GPU_MEASURED,1,hero-1k,1000,19,2,20,uniform__sensitivity_leaf_2_lambda_20_00,false,4,-1.087657803,8.392251011,-1.978983068,37.657960851,82568887.004858854,75639498.750666034,16240eb8634995cf6ea4e48e3cdf193a22f8f5e7d978d1a85c8cec2ef9aeefca
1,V18_GPU_MEASURED,1,hero-1k,1000,20,2,50,uniform__sensitivity_leaf_2_lambda_50_00,false,4,-1.020478687,8.182263137,-2.295097422,37.655722645,82568887.004858854,75812883.401165922,182a0897da81e88c07c93aafa37ab8c7561e52568563deec5ace5ce20b77a444
1,V18_GPU_MEASURED,1,hero-1k,1000,21,2,100,uniform__sensitivity_leaf_2_lambda_100_00,false,4,-1.285749372,8.182263137,-2.295097422,37.655722645,82568887.004858854,75812883.401165922,a5cf6816a08384f4403208ffd704d7db80a483021db5b94e1c73ea9a107cfff9
1,V18_GPU_MEASURED,1,hero-1k,1000,22,4,0,uniform__sensitivity_leaf_4_lambda_0_00,false,4,-0.387075033,0.289590853,-1.497618206,6.438397234,82568887.004858854,82329775.060339974,3a1c2046d247e621c5fc2554e6dc050d9eed5a5c0620dd680d26320323e2d134
1,V18_GPU_MEASURED,1,hero-1k,1000,23,4,0.25,uniform__sensitivity_leaf_4_lambda_0_25,false,4,2.267812046,2.859473354,2.359428610,6.457523728,82568887.004858854,80207851.682310842,e2a1f48b1551b966a71d653584f3f45f0e29ba72b1fe26b03efde96cd7d0e052
1,V18_GPU_MEASURED,1,hero-1k,1000,24,4,0.5,uniform__sensitivity_leaf_4_lambda_0_50,false,4,7.532680481,8.544118578,10.760935569,6.869752882,82568887.004858854,75514103.391034466,89cab7fec7a74ff93e41bc33b8cde26a1dfcbe0a5db3d4b940e5472d446a5a15
1,V18_GPU_MEASURED,1,hero-1k,1000,25,4,0.75,uniform__sensitivity_leaf_4_lambda_0_75,false,4,7.464658613,9.022934806,11.426813300,6.986687444,82568887.004858854,75118750.160090590,2a2318a744d4ff4cd8778e72154934f308250a01463c0aaa22fb2b43ca4eb726
1,V18_GPU_MEASURED,1,hero-1k,1000,26,4,1,uniform__sensitivity_leaf_4_lambda_1_00,false,4,8.238779747,10.683822438,7.439456061,28.589639435,82568887.004858854,73747373.728623990,54610a3b178623aec745e5aa55645d496b67c47a9aee751d42f5ad71283bbeed
1,V18_GPU_MEASURED,1,hero-1k,1000,27,4,2,uniform__sensitivity_leaf_4_lambda_2_00,false,4,7.847820728,10.782041889,7.587225428,28.589811605,82568887.004858854,73666275.020670466,dc788193d10f529aa4d813356e7fa12ef8383b27dd025152649804a5cff30e9b
1,V18_GPU_MEASURED,1,hero-1k,1000,28,4,5,uniform__sensitivity_leaf_4_lambda_5_00,false,4,2.387508284,9.787117472,0.231925214,37.804492957,82568887.004858854,74487773.038339130,a14256baae3936282710135bddb2a72289a1b8186671dad8a07099381e49eb47
1,V18_GPU_MEASURED,1,hero-1k,1000,29,4,10,uniform__sensitivity_leaf_4_lambda_10_00,false,4,1.705638154,9.635934323,-0.040809057,37.870418318,82568887.004858854,74612603.281535474,185e629406a4c73bde574304a76d117b6b171fc517dca90cea46a74511e52087
1,V18_GPU_MEASURED,1,hero-1k,1000,30,4,20,uniform__sensitivity_leaf_4_lambda_20_00,false,4,-1.164829419,8.392251011,-1.978983068,37.657960851,82568887.004858854,75639498.750666034,16240eb8634995cf6ea4e48e3cdf193a22f8f5e7d978d1a85c8cec2ef9aeefca
1,V18_GPU_MEASURED,1,hero-1k,1000,31,4,50,uniform__sensitivity_leaf_4_lambda_50_00,false,4,-1.236880942,8.182263137,-2.295097422,37.655722645,82568887.004858854,75812883.401165922,182a0897da81e88c07c93aafa37ab8c7561e52568563deec5ace5ce20b77a444
1,V18_GPU_MEASURED,1,hero-1k,1000,32,4,100,uniform__sensitivity_leaf_4_lambda_100_00,false,4,-1.377389636,8.182263137,-2.295097422,37.655722645,82568887.004858854,75812883.401165922,a5cf6816a08384f4403208ffd704d7db80a483021db5b94e1c73ea9a107cfff9
1,V18_GPU_MEASURED,1,hero-1k,1000,33,8,0,anchor,true,0,0.000000000,0.000000000,0.000000000,0.000000000,82568887.004858854,82568887.004858854,708098cac3e9ce10378264b632f33286ad3af5a0d38577cf5a7214a58a88c69e
1,V18_GPU_MEASURED,1,hero-1k,1000,34,8,0.25,uniform__sensitivity_leaf_8_lambda_0_25,false,4,2.066700027,2.569882501,3.857046816,0.019126494,82568887.004858854,80446963.626829722,66b7564268e8dbdeed35b6c2918e5662ea25e70d907374a8e1bf77316dbed257
1,V18_GPU_MEASURED,1,hero-1k,1000,35,8,0.5,uniform__sensitivity_leaf_8_lambda_0_50,false,4,7.174835076,8.264251603,12.238209361,0.547844133,82568887.004858854,75745186.437328918,1176517adf7605fb78291740da4c83c501d7c23c01dd770cba9c34d97514fec8
1,V18_GPU_MEASURED,1,hero-1k,1000,36,8,0.75,uniform__sensitivity_leaf_8_lambda_0_75,false,4,7.065857614,8.731584658,12.904087092,0.607211392,82568887.004858854,75359314.735119666,6e2e90b4da39dc905d12f27f4c109a9220e4bafbdff220724ee995a59a8d35ee
1,V18_GPU_MEASURED,1,hero-1k,1000,37,8,1,uniform__weighted,false,4,8.297947486,10.683822438,7.439456061,28.589639435,82568887.004858854,73747373.728623990,54610a3b178623aec745e5aa55645d496b67c47a9aee751d42f5ad71283bbeed
1,V18_GPU_MEASURED,1,hero-1k,1000,38,8,2,uniform__sensitivity_leaf_8_lambda_2_00,false,4,7.909667069,10.782041889,7.587225428,28.589811605,82568887.004858854,73666275.020670466,dc788193d10f529aa4d813356e7fa12ef8383b27dd025152649804a5cff30e9b
1,V18_GPU_MEASURED,1,hero-1k,1000,39,8,5,uniform__sensitivity_leaf_8_lambda_5_00,false,4,2.300639015,9.787117472,0.231925214,37.804492957,82568887.004858854,74487773.038339130,a14256baae3936282710135bddb2a72289a1b8186671dad8a07099381e49eb47
1,V18_GPU_MEASURED,1,hero-1k,1000,40,8,10,uniform__sensitivity_leaf_8_lambda_10_00,false,4,1.451768281,9.635934323,-0.040809057,37.870418318,82568887.004858854,74612603.281535474,185e629406a4c73bde574304a76d117b6b171fc517dca90cea46a74511e52087
1,V18_GPU_MEASURED,1,hero-1k,1000,41,8,20,uniform__sensitivity_leaf_8_lambda_20_00,false,4,-1.405187174,8.392251011,-1.978983068,37.657960851,82568887.004858854,75639498.750666034,16240eb8634995cf6ea4e48e3cdf193a22f8f5e7d978d1a85c8cec2ef9aeefca
1,V18_GPU_MEASURED,1,hero-1k,1000,42,8,50,uniform__sensitivity_leaf_8_lambda_50_00,false,4,-1.345573359,8.182263137,-2.295097422,37.655722645,82568887.004858854,75812883.401165922,182a0897da81e88c07c93aafa37ab8c7561e52568563deec5ace5ce20b77a444
1,V18_GPU_MEASURED,1,hero-1k,1000,43,8,100,uniform__sensitivity_leaf_8_lambda_100_00,false,4,-1.549580671,8.182263137,-2.295097422,37.655722645,82568887.004858854,75812883.401165922,a5cf6816a08384f4403208ffd704d7db80a483021db5b94e1c73ea9a107cfff9
1,V18_GPU_MEASURED,1,hero-1k,1000,44,16,0,uniform__sensitivity_leaf_16_lambda_0_00,false,4,-0.072319327,0.000000000,0.000000000,0.000000000,82568887.004858854,82568887.004858854,708098cac3e9ce10378264b632f33286ad3af5a0d38577cf5a7214a58a88c69e
1,V18_GPU_MEASURED,1,hero-1k,1000,45,16,0.25,uniform__sensitivity_leaf_16_lambda_0_25,false,4,2.269589821,2.569882501,3.857046816,0.019126494,82568887.004858854,80446963.626829722,66b7564268e8dbdeed35b6c2918e5662ea25e70d907374a8e1bf77316dbed257
1,V18_GPU_MEASURED,1,hero-1k,1000,46,16,0.5,uniform__sensitivity_leaf_16_lambda_0_50,false,4,7.322238420,8.264251603,12.238209361,0.547844133,82568887.004858854,75745186.437328918,1176517adf7605fb78291740da4c83c501d7c23c01dd770cba9c34d97514fec8
1,V18_GPU_MEASURED,1,hero-1k,1000,47,16,0.75,uniform__sensitivity_leaf_16_lambda_0_75,false,4,7.410187162,8.731584658,12.904087092,0.607211392,82568887.004858854,75359314.735119666,6e2e90b4da39dc905d12f27f4c109a9220e4bafbdff220724ee995a59a8d35ee
1,V18_GPU_MEASURED,1,hero-1k,1000,48,16,1,uniform__sensitivity_leaf_16_lambda_1_00,false,4,7.914972159,10.683822438,7.439456061,28.589639435,82568887.004858854,73747373.728623990,54610a3b178623aec745e5aa55645d496b67c47a9aee751d42f5ad71283bbeed
1,V18_GPU_MEASURED,1,hero-1k,1000,49,16,2,uniform__sensitivity_leaf_16_lambda_2_00,false,4,8.362414544,10.782041889,7.587225428,28.589811605,82568887.004858854,73666275.020670466,dc788193d10f529aa4d813356e7fa12ef8383b27dd025152649804a5cff30e9b
1,V18_GPU_MEASURED,1,hero-1k,1000,50,16,5,uniform__sensitivity_leaf_16_lambda_5_00,false,4,2.124544964,9.787117472,0.231925214,37.804492957,82568887.004858854,74487773.038339130,a14256baae3936282710135bddb2a72289a1b8186671dad8a07099381e49eb47
1,V18_GPU_MEASURED,1,hero-1k,1000,51,16,10,uniform__sensitivity_leaf_16_lambda_10_00,false,4,1.411461992,9.635934323,-0.040809057,37.870418318,82568887.004858854,74612603.281535474,185e629406a4c73bde574304a76d117b6b171fc517dca90cea46a74511e52087
1,V18_GPU_MEASURED,1,hero-1k,1000,52,16,20,uniform__sensitivity_leaf_16_lambda_20_00,false,4,-1.121356468,8.392251011,-1.978983068,37.657960851,82568887.004858854,75639498.750666034,16240eb8634995cf6ea4e48e3cdf193a22f8f5e7d978d1a85c8cec2ef9aeefca
1,V18_GPU_MEASURED,1,hero-1k,1000,53,16,50,uniform__sensitivity_leaf_16_lambda_50_00,false,4,-1.525138994,8.182263137,-2.295097422,37.655722645,82568887.004858854,75812883.401165922,182a0897da81e88c07c93aafa37ab8c7561e52568563deec5ace5ce20b77a444
1,V18_GPU_MEASURED,1,hero-1k,1000,54,16,100,uniform__sensitivity_leaf_16_lambda_100_00,false,4,-1.514270868,8.182263137,-2.295097422,37.655722645,82568887.004858854,75812883.401165922,a5cf6816a08384f4403208ffd704d7db80a483021db5b94e1c73ea9a107cfff9
1,V18_GPU_MEASURED,1,hero-1k,1000,55,32,0,uniform__sensitivity_leaf_32_lambda_0_00,false,4,0.027186965,0.000000000,0.000000000,0.000000000,82568887.004858854,82568887.004858854,708098cac3e9ce10378264b632f33286ad3af5a0d38577cf5a7214a58a88c69e
1,V18_GPU_MEASURED,1,hero-1k,1000,56,32,0.25,uniform__sensitivity_leaf_32_lambda_0_25,false,4,2.173333552,2.569882501,3.857046816,0.019126494,82568887.004858854,80446963.626829722,66b7564268e8dbdeed35b6c2918e5662ea25e70d907374a8e1bf77316dbed257
1,V18_GPU_MEASURED,1,hero-1k,1000,57,32,0.5,uniform__sensitivity_leaf_32_lambda_0_50,false,4,7.008922274,8.264251603,12.238209361,0.547844133,82568887.004858854,75745186.437328918,1176517adf7605fb78291740da4c83c501d7c23c01dd770cba9c34d97514fec8
1,V18_GPU_MEASURED,1,hero-1k,1000,58,32,0.75,uniform__sensitivity_leaf_32_lambda_0_75,false,4,7.499783801,8.731584658,12.904087092,0.607211392,82568887.004858854,75359314.735119666,6e2e90b4da39dc905d12f27f4c109a9220e4bafbdff220724ee995a59a8d35ee
1,V18_GPU_MEASURED,1,hero-1k,1000,59,32,1,uniform__sensitivity_leaf_32_lambda_1_00,false,4,8.350722536,10.683822438,7.439456061,28.589639435,82568887.004858854,73747373.728623990,54610a3b178623aec745e5aa55645d496b67c47a9aee751d42f5ad71283bbeed
1,V18_GPU_MEASURED,1,hero-1k,1000,60,32,2,uniform__sensitivity_leaf_32_lambda_2_00,false,4,8.212421750,10.782041889,7.587225428,28.589811605,82568887.004858854,73666275.020670466,dc788193d10f529aa4d813356e7fa12ef8383b27dd025152649804a5cff30e9b
1,V18_GPU_MEASURED,1,hero-1k,1000,61,32,5,uniform__sensitivity_leaf_32_lambda_5_00,false,4,2.494434665,9.787117472,0.231925214,37.804492957,82568887.004858854,74487773.038339130,a14256baae3936282710135bddb2a72289a1b8186671dad8a07099381e49eb47
1,V18_GPU_MEASURED,1,hero-1k,1000,62,32,10,uniform__sensitivity_leaf_32_lambda_10_00,false,4,1.699245673,9.635934323,-0.040809057,37.870418318,82568887.004858854,74612603.281535474,185e629406a4c73bde574304a76d117b6b171fc517dca90cea46a74511e52087
1,V18_GPU_MEASURED,1,hero-1k,1000,63,32,20,uniform__sensitivity_leaf_32_lambda_20_00,false,4,-1.213732716,8.392251011,-1.978983068,37.657960851,82568887.004858854,75639498.750666034,16240eb8634995cf6ea4e48e3cdf193a22f8f5e7d978d1a85c8cec2ef9aeefca
1,V18_GPU_MEASURED,1,hero-1k,1000,64,32,50,uniform__sensitivity_leaf_32_lambda_50_00,false,4,-1.510611881,8.182263137,-2.295097422,37.655722645,82568887.004858854,75812883.401165922,182a0897da81e88c07c93aafa37ab8c7561e52568563deec5ace5ce20b77a444
1,V18_GPU_MEASURED,1,hero-1k,1000,65,32,100,uniform__sensitivity_leaf_32_lambda_100_00,false,4,-1.443500946,8.182263137,-2.295097422,37.655722645,82568887.004858854,75812883.401165922,a5cf6816a08384f4403208ffd704d7db80a483021db5b94e1c73ea9a107cfff9
1,V18_GPU_MEASURED,1,hero-1k,1000,66,64,0,uniform__sensitivity_leaf_64_lambda_0_00,false,4,0.094609271,0.000000000,0.000000000,0.000000000,82568887.004858854,82568887.004858854,708098cac3e9ce10378264b632f33286ad3af5a0d38577cf5a7214a58a88c69e
1,V18_GPU_MEASURED,1,hero-1k,1000,67,64,0.25,uniform__sensitivity_leaf_64_lambda_0_25,false,4,2.304663846,2.569882501,3.857046816,0.019126494,82568887.004858854,80446963.626829722,66b7564268e8dbdeed35b6c2918e5662ea25e70d907374a8e1bf77316dbed257
1,V18_GPU_MEASURED,1,hero-1k,1000,68,64,0.5,uniform__sensitivity_leaf_64_lambda_0_50,false,4,7.366099006,8.264251603,12.238209361,0.547844133,82568887.004858854,75745186.437328918,1176517adf7605fb78291740da4c83c501d7c23c01dd770cba9c34d97514fec8
1,V18_GPU_MEASURED,1,hero-1k,1000,69,64,0.75,uniform__sensitivity_leaf_64_lambda_0_75,false,4,7.450378120,8.731584658,12.904087092,0.607211392,82568887.004858854,75359314.735119666,6e2e90b4da39dc905d12f27f4c109a9220e4bafbdff220724ee995a59a8d35ee
1,V18_GPU_MEASURED,1,hero-1k,1000,70,64,1,uniform__sensitivity_leaf_64_lambda_1_00,false,4,8.316227797,10.683822438,7.439456061,28.589639435,82568887.004858854,73747373.728623990,54610a3b178623aec745e5aa55645d496b67c47a9aee751d42f5ad71283bbeed
1,V18_GPU_MEASURED,1,hero-1k,1000,71,64,2,uniform__sensitivity_leaf_64_lambda_2_00,false,4,8.150445766,10.782041889,7.587225428,28.589811605,82568887.004858854,73666275.020670466,dc788193d10f529aa4d813356e7fa12ef8383b27dd025152649804a5cff30e9b
1,V18_GPU_MEASURED,1,hero-1k,1000,72,64,5,uniform__sensitivity_leaf_64_lambda_5_00,false,4,2.651877046,9.787117472,0.231925214,37.804492957,82568887.004858854,74487773.038339130,a14256baae3936282710135bddb2a72289a1b8186671dad8a07099381e49eb47
1,V18_GPU_MEASURED,1,hero-1k,1000,73,64,10,uniform__sensitivity_leaf_64_lambda_10_00,false,4,1.665014891,9.635934323,-0.040809057,37.870418318,82568887.004858854,74612603.281535474,185e629406a4c73bde574304a76d117b6b171fc517dca90cea46a74511e52087
1,V18_GPU_MEASURED,1,hero-1k,1000,74,64,20,uniform__sensitivity_leaf_64_lambda_20_00,false,4,-0.691097697,8.392251011,-1.978983068,37.657960851,82568887.004858854,75639498.750666034,16240eb8634995cf6ea4e48e3cdf193a22f8f5e7d978d1a85c8cec2ef9aeefca
1,V18_GPU_MEASURED,1,hero-1k,1000,75,64,50,uniform__sensitivity_leaf_64_lambda_50_00,false,4,-1.605687720,8.182263137,-2.295097422,37.655722645,82568887.004858854,75812883.401165922,182a0897da81e88c07c93aafa37ab8c7561e52568563deec5ace5ce20b77a444
1,V18_GPU_MEASURED,1,hero-1k,1000,76,64,100,uniform__sensitivity_leaf_64_lambda_100_00,false,4,-1.388856072,8.182263137,-2.295097422,37.655722645,82568887.004858854,75812883.401165922,a5cf6816a08384f4403208ffd704d7db80a483021db5b94e1c73ea9a107cfff9
1,V18_GPU_MEASURED,2,hero-10k,10000,0,1,0,uniform__sensitivity_leaf_1_lambda_0_00,false,4,-2.228971183,0.615597874,-10.904130667,37.112419809,95432180.000232218,94844701.528746406,f636812fb7ee7119cbfc15d3490aa72b0b931c2b8e0055fc909cde8cde53bb24
1,V18_GPU_MEASURED,2,hero-10k,10000,1,1,0.25,uniform__sensitivity_leaf_1_lambda_0_25,false,4,0.572308137,3.265706000,-7.153316881,37.128091888,95432180.000232218,92315645.572255314,dcd8820b713b5d45dc4f47c3a23086aafba43bd9c3476bbf9139c30b95287be9
1,V18_GPU_MEASURED,2,hero-10k,10000,2,1,0.5,uniform__sensitivity_leaf_1_lambda_0_50,false,4,1.440602643,4.657153433,-5.214825904,37.195145169,95432180.000232218,90987756.953405246,a65bf80f58362f199eb19bea84be2c78b514f189fdeebc2dd368570b3878c1ac
1,V18_GPU_MEASURED,2,hero-10k,10000,3,1,0.75,uniform__sensitivity_leaf_1_lambda_0_75,false,4,1.888979766,5.301173332,-4.356326021,37.300074576,95432180.000232218,90373154.724068214,2f1bf160f5d78df6dab4825dca92fcd0d937a4e07696be26f7a93a49fbd5d409
1,V18_GPU_MEASURED,2,hero-10k,10000,4,1,1,uniform__sensitivity_leaf_1_lambda_1_00,false,4,2.594526041,5.378244606,-4.250256409,37.306273754,95432180.000232218,90299603.926617980,15c0e375f97db000981be3405e0aa76fdb1f0558363120328a3fed35e5cc5acc
1,V18_GPU_MEASURED,2,hero-10k,10000,5,1,2,uniform__sensitivity_leaf_1_lambda_2_00,false,4,4.069967444,6.090188436,-3.247965368,37.320560499,95432180.000232218,89620180.409242108,4467d5af1bdb5bd123b8f0310422477dcf92daaf75b0122f809c58a7840af3f4
1,V18_GPU_MEASURED,2,hero-10k,10000,6,1,5,uniform__sensitivity_leaf_1_lambda_5_00,false,4,4.482877158,6.112925300,-3.215784456,37.320692067,95432180.000232218,89598482.124590454,42d206ba1d310ae9f26f3e8d337802c5ba5abd9507ff93403584e9a8489589cb
1,V18_GPU_MEASURED,2,hero-10k,10000,7,1,10,uniform__sensitivity_leaf_1_lambda_10_00,false,4,4.024257676,6.048705012,-3.346419810,37.393255728,95432180.000232218,89659768.945677056,bc2ca6770d969576e12519882e055f1b1f5a1ca018e6ab51ca4b67861b40be6d
1,V18_GPU_MEASURED,2,hero-10k,10000,8,1,20,uniform__sensitivity_leaf_1_lambda_20_00,false,4,1.244378789,5.201361358,-4.717943280,37.684392652,95432180.000232218,90468407.466247614,f3958efb2037b794cf85eec40a70c2c07de88da6d84c13540f0e08e9d212a2b9
1,V18_GPU_MEASURED,2,hero-10k,10000,9,1,50,uniform__sensitivity_leaf_1_lambda_50_00,false,4,1.227135850,5.090197883,-4.886974102,37.702618700,95432180.000232218,90574493.194570596,2ce14d5694dc9c5398d478efc39053979a77cc2cfcf59ba4b2263c9b516d9220
1,V18_GPU_MEASURED,2,hero-10k,10000,10,1,100,uniform__sensitivity_leaf_1_lambda_100_00,false,4,1.036419290,5.133413243,-4.826295482,37.703802813,95432180.000232218,90533251.834065896,45161aa435c3f45d1c4e16f3eca823b36a92ff89f944a7b86cf92a50912fbda8
1,V18_GPU_MEASURED,2,hero-10k,10000,11,2,0,uniform__sensitivity_leaf_2_lambda_0_00,false,4,1.816522321,0.713947306,-3.593022536,18.606155466,95432180.000232218,94750844.521927742,2c04cdcec75e46b8a0f340c62fbc6c6abee8d117ca3e61c7c864c56c27eb205a
1,V18_GPU_MEASURED,2,hero-10k,10000,12,2,0.25,uniform__sensitivity_leaf_2_lambda_0_25,false,4,4.628424941,3.362134872,0.156583617,18.618933048,95432180.000232218,92223621.397640906,e881c2949f197c9837f58478b38452b9a80f15431af74d2a1cca820cdcbd143f
1,V18_GPU_MEASURED,2,hero-10k,10000,13,2,0.5,uniform__sensitivity_leaf_2_lambda_0_50,false,4,5.242160328,4.748479660,2.088704750,18.684330119,95432180.000232218,90900602.344150486,b45619a21817eff3eea9235baf08b92d479aeb945e554bfb5f491144573ff6a4
1,V18_GPU_MEASURED,2,hero-10k,10000,14,2,0.75,uniform__sensitivity_leaf_2_lambda_0_75,false,4,6.700774607,6.153670553,1.764249697,27.925710166,95432180.000232218,89559598.041324158,95ba9302105fbc864df090a1e6c663052b99f8e6b0b8ee028e3ee50b53e7ca0f
1,V18_GPU_MEASURED,2,hero-10k,10000,15,2,1,uniform__sensitivity_leaf_2_lambda_1_00,false,4,6.772823509,6.230104346,1.869784091,27.931205068,95432180.000232218,89486655.606692326,f383374f7f23e3b1cd59be02707d62457eb3deac9027afea4f64b9ea58d2e562
1,V18_GPU_MEASURED,2,hero-10k,10000,16,2,2,uniform__sensitivity_leaf_2_lambda_2_00,false,4,8.570351767,6.942110495,2.870330774,27.948989975,95432180.000232218,88807172.617003906,c010a0aa4075bbe632541a3a690a380ea2a76143b1754a6b7b16ad85dc01e442
1,V18_GPU_MEASURED,2,hero-10k,10000,17,2,5,uniform__sensitivity_leaf_2_lambda_5_00,false,4,4.148580847,6.112925300,-3.215784456,37.320692067,95432180.000232218,89598482.124590454,42d206ba1d310ae9f26f3e8d337802c5ba5abd9507ff93403584e9a8489589cb
1,V18_GPU_MEASURED,2,hero-10k,10000,18,2,10,uniform__sensitivity_leaf_2_lambda_10_00,false,4,3.559671008,6.048989200,-3.335388293,37.337912005,95432180.000232218,89659497.739012060,43c5873927af687ed4baaa5aa5a736ba5550227af76fd7f0e269c647d5146b5d
1,V18_GPU_MEASURED,2,hero-10k,10000,19,2,20,uniform__sensitivity_leaf_2_lambda_20_00,false,4,0.852236809,5.201645546,-4.706911763,37.629048930,95432180.000232218,90468136.259582618,afc87f1e32360fa431fa1968b65ac2299bc33436c5950ba261027dee343c1191
1,V18_GPU_MEASURED,2,hero-10k,10000,20,2,50,uniform__sensitivity_leaf_2_lambda_50_00,false,4,0.841846094,5.090482070,-4.875942585,37.647274978,95432180.000232218,90574221.987905600,7d965a49fe139dfa691b278349c9091b460619cba19d53dc61dce8c35eebe016
1,V18_GPU_MEASURED,2,hero-10k,10000,21,2,100,uniform__sensitivity_leaf_2_lambda_100_00,false,4,1.218105626,5.133697431,-4.815263965,37.648459090,95432180.000232218,90532980.627400900,fd9039cd6fef2a3b75b75bea8d6a503f15adca82f30d8cc2fc272d8da7f9a8b4
1,V18_GPU_MEASURED,2,hero-10k,10000,22,4,0,uniform__sensitivity_leaf_4_lambda_0_00,false,4,0.899546461,0.241002783,-1.206885955,6.256572599,95432180.000232218,95202185.790977294,a714335923226962b9d8734b116d904900d6a894f21433ca2822914ca3e4c12b
1,V18_GPU_MEASURED,2,hero-10k,10000,23,4,0.25,uniform__sensitivity_leaf_4_lambda_0_25,false,4,3.274091530,2.889190348,2.542720198,6.269350181,95432180.000232218,92674962.666690458,b73f6d82ffa25c4c058e1992177296317224111d3ecb72ebb5676301c9c40e7a
1,V18_GPU_MEASURED,2,hero-10k,10000,24,4,0.5,uniform__sensitivity_leaf_4_lambda_0_50,false,4,3.828530833,4.275535136,4.474841330,6.334747252,95432180.000232218,91351943.613200038,3e71681bb9cfaad2f2356d88f11ad1f288239bf433d3032040d16c4f8b1ecf04
1,V18_GPU_MEASURED,2,hero-10k,10000,25,4,0.75,uniform__sensitivity_leaf_4_lambda_0_75,false,4,4.137699358,4.913835366,5.321403595,6.451084384,95432180.000232218,90742799.788572990,92c1794985115ed538430eb6bb64c52a35521bc6c2f759681601010930b49920
1,V18_GPU_MEASURED,2,hero-10k,10000,26,4,1,uniform__sensitivity_leaf_4_lambda_1_00,false,4,6.526877790,6.230104346,1.869784091,27.931205068,95432180.000232218,89486655.606692326,f383374f7f23e3b1cd59be02707d62457eb3deac9027afea4f64b9ea58d2e562
1,V18_GPU_MEASURED,2,hero-10k,10000,27,4,2,uniform__sensitivity_leaf_4_lambda_2_00,false,4,8.275899574,6.942110495,2.870330774,27.948989975,95432180.000232218,88807172.617003906,c010a0aa4075bbe632541a3a690a380ea2a76143b1754a6b7b16ad85dc01e442
1,V18_GPU_MEASURED,2,hero-10k,10000,28,4,5,uniform__sensitivity_leaf_4_lambda_5_00,false,4,4.284189125,6.112925300,-3.215784456,37.320692067,95432180.000232218,89598482.124590454,42d206ba1d310ae9f26f3e8d337802c5ba5abd9507ff93403584e9a8489589cb
1,V18_GPU_MEASURED,2,hero-10k,10000,29,4,10,uniform__sensitivity_leaf_4_lambda_10_00,false,4,3.636490436,6.048989200,-3.335388293,37.337912005,95432180.000232218,89659497.739012060,43c5873927af687ed4baaa5aa5a736ba5550227af76fd7f0e269c647d5146b5d
1,V18_GPU_MEASURED,2,hero-10k,10000,30,4,20,uniform__sensitivity_leaf_4_lambda_20_00,false,4,1.027103430,5.201645546,-4.706911763,37.629048930,95432180.000232218,90468136.259582618,afc87f1e32360fa431fa1968b65ac2299bc33436c5950ba261027dee343c1191
1,V18_GPU_MEASURED,2,hero-10k,10000,31,4,50,uniform__sensitivity_leaf_4_lambda_50_00,false,4,0.988786846,5.090482070,-4.875942585,37.647274978,95432180.000232218,90574221.987905600,7d965a49fe139dfa691b278349c9091b460619cba19d53dc61dce8c35eebe016
1,V18_GPU_MEASURED,2,hero-10k,10000,32,4,100,uniform__sensitivity_leaf_4_lambda_100_00,false,4,0.918763619,5.133697431,-4.815263965,37.648459090,95432180.000232218,90532980.627400900,fd9039cd6fef2a3b75b75bea8d6a503f15adca82f30d8cc2fc272d8da7f9a8b4
1,V18_GPU_MEASURED,2,hero-10k,10000,33,8,0,anchor,true,0,0.000000000,0.000000000,0.000000000,0.000000000,95432180.000232218,95432180.000232218,52f8c78921513a1a449e7f129a0eeabf1c3627f2d0d9e733753d6514d874dd2d
1,V18_GPU_MEASURED,2,hero-10k,10000,34,8,0.25,uniform__sensitivity_leaf_8_lambda_0_25,false,4,2.959236108,2.648187566,3.749606153,0.012777582,95432180.000232218,92904956.875945382,7b6e73d00d818bcd43eaf95aa25a2dc7c9166444bac7b9fff77e94a25b39f097
1,V18_GPU_MEASURED,2,hero-10k,10000,35,8,0.5,uniform__sensitivity_leaf_8_lambda_0_50,false,4,3.279878748,4.034532354,5.681727286,0.078174652,95432180.000232218,91581937.822454962,8a2e8a837ea4354870b632b67932512301e1b6ec3e08aea9987d268a512e6d62
1,V18_GPU_MEASURED,2,hero-10k,10000,36,8,0.75,uniform__sensitivity_leaf_8_lambda_0_75,false,4,3.960608594,4.671473833,6.528289550,0.186726051,95432180.000232218,90974090.683242138,4174464bd7a743f30f7d54be6822c6e8821221dbf90437a6509eb0c79a6b9a7d
1,V18_GPU_MEASURED,2,hero-10k,10000,37,8,1,uniform__weighted,false,4,6.876022467,6.230104346,1.869784091,27.931205068,95432180.000232218,89486655.606692326,f383374f7f23e3b1cd59be02707d62457eb3deac9027afea4f64b9ea58d2e562
1,V18_GPU_MEASURED,2,hero-10k,10000,38,8,2,uniform__sensitivity_leaf_8_lambda_2_00,false,4,8.484091806,6.942110495,2.870330774,27.948989975,95432180.000232218,88807172.617003906,c010a0aa4075bbe632541a3a690a380ea2a76143b1754a6b7b16ad85dc01e442
1,V18_GPU_MEASURED,2,hero-10k,10000,39,8,5,uniform__sensitivity_leaf_8_lambda_5_00,false,4,4.052939453,6.112925300,-3.215784456,37.320692067,95432180.000232218,89598482.124590454,42d206ba1d310ae9f26f3e8d337802c5ba5abd9507ff93403584e9a8489589cb
1,V18_GPU_MEASURED,2,hero-10k,10000,40,8,10,uniform__sensitivity_leaf_8_lambda_10_00,false,4,3.932645585,6.048989200,-3.335388293,37.337912005,95432180.000232218,89659497.739012060,43c5873927af687ed4baaa5aa5a736ba5550227af76fd7f0e269c647d5146b5d
1,V18_GPU_MEASURED,2,hero-10k,10000,41,8,20,uniform__sensitivity_leaf_8_lambda_20_00,false,4,1.030391672,5.201645546,-4.706911763,37.629048930,95432180.000232218,90468136.259582618,afc87f1e32360fa431fa1968b65ac2299bc33436c5950ba261027dee343c1191
1,V18_GPU_MEASURED,2,hero-10k,10000,42,8,50,uniform__sensitivity_leaf_8_lambda_50_00,false,4,0.848372911,5.090482070,-4.875942585,37.647274978,95432180.000232218,90574221.987905600,7d965a49fe139dfa691b278349c9091b460619cba19d53dc61dce8c35eebe016
1,V18_GPU_MEASURED,2,hero-10k,10000,43,8,100,uniform__sensitivity_leaf_8_lambda_100_00,false,4,0.666592116,5.133697431,-4.815263965,37.648459090,95432180.000232218,90532980.627400900,fd9039cd6fef2a3b75b75bea8d6a503f15adca82f30d8cc2fc272d8da7f9a8b4
1,V18_GPU_MEASURED,2,hero-10k,10000,44,16,0,uniform__sensitivity_leaf_16_lambda_0_00,false,4,0.195407112,0.000000000,0.000000000,0.000000000,95432180.000232218,95432180.000232218,52f8c78921513a1a449e7f129a0eeabf1c3627f2d0d9e733753d6514d874dd2d
1,V18_GPU_MEASURED,2,hero-10k,10000,45,16,0.25,uniform__sensitivity_leaf_16_lambda_0_25,false,4,2.567277879,2.648187566,3.749606153,0.012777582,95432180.000232218,92904956.875945382,7b6e73d00d818bcd43eaf95aa25a2dc7c9166444bac7b9fff77e94a25b39f097
1,V18_GPU_MEASURED,2,hero-10k,10000,46,16,0.5,uniform__sensitivity_leaf_16_lambda_0_50,false,4,3.235335537,4.034532354,5.681727286,0.078174652,95432180.000232218,91581937.822454962,8a2e8a837ea4354870b632b67932512301e1b6ec3e08aea9987d268a512e6d62
1,V18_GPU_MEASURED,2,hero-10k,10000,47,16,0.75,uniform__sensitivity_leaf_16_lambda_0_75,false,4,3.770165516,4.671473833,6.528289550,0.186726051,95432180.000232218,90974090.683242138,4174464bd7a743f30f7d54be6822c6e8821221dbf90437a6509eb0c79a6b9a7d
1,V18_GPU_MEASURED,2,hero-10k,10000,48,16,1,uniform__sensitivity_leaf_16_lambda_1_00,false,4,6.982088223,6.230104346,1.869784091,27.931205068,95432180.000232218,89486655.606692326,f383374f7f23e3b1cd59be02707d62457eb3deac9027afea4f64b9ea58d2e562
1,V18_GPU_MEASURED,2,hero-10k,10000,49,16,2,uniform__sensitivity_leaf_16_lambda_2_00,false,4,8.310320365,6.942110495,2.870330774,27.948989975,95432180.000232218,88807172.617003906,c010a0aa4075bbe632541a3a690a380ea2a76143b1754a6b7b16ad85dc01e442
1,V18_GPU_MEASURED,2,hero-10k,10000,50,16,5,uniform__sensitivity_leaf_16_lambda_5_00,false,4,4.418340707,6.112925300,-3.215784456,37.320692067,95432180.000232218,89598482.124590454,42d206ba1d310ae9f26f3e8d337802c5ba5abd9507ff93403584e9a8489589cb
1,V18_GPU_MEASURED,2,hero-10k,10000,51,16,10,uniform__sensitivity_leaf_16_lambda_10_00,false,4,3.865665565,6.048989200,-3.335388293,37.337912005,95432180.000232218,89659497.739012060,43c5873927af687ed4baaa5aa5a736ba5550227af76fd7f0e269c647d5146b5d
1,V18_GPU_MEASURED,2,hero-10k,10000,52,16,20,uniform__sensitivity_leaf_16_lambda_20_00,false,4,0.999021713,5.201645546,-4.706911763,37.629048930,95432180.000232218,90468136.259582618,afc87f1e32360fa431fa1968b65ac2299bc33436c5950ba261027dee343c1191
1,V18_GPU_MEASURED,2,hero-10k,10000,53,16,50,uniform__sensitivity_leaf_16_lambda_50_00,false,4,0.674721515,5.090482070,-4.875942585,37.647274978,95432180.000232218,90574221.987905600,7d965a49fe139dfa691b278349c9091b460619cba19d53dc61dce8c35eebe016
1,V18_GPU_MEASURED,2,hero-10k,10000,54,16,100,uniform__sensitivity_leaf_16_lambda_100_00,false,4,0.734221169,5.133697431,-4.815263965,37.648459090,95432180.000232218,90532980.627400900,fd9039cd6fef2a3b75b75bea8d6a503f15adca82f30d8cc2fc272d8da7f9a8b4
1,V18_GPU_MEASURED,2,hero-10k,10000,55,32,0,uniform__sensitivity_leaf_32_lambda_0_00,false,4,-0.060733955,0.000000000,0.000000000,0.000000000,95432180.000232218,95432180.000232218,52f8c78921513a1a449e7f129a0eeabf1c3627f2d0d9e733753d6514d874dd2d
1,V18_GPU_MEASURED,2,hero-10k,10000,56,32,0.25,uniform__sensitivity_leaf_32_lambda_0_25,false,4,2.804271097,2.648187566,3.749606153,0.012777582,95432180.000232218,92904956.875945382,7b6e73d00d818bcd43eaf95aa25a2dc7c9166444bac7b9fff77e94a25b39f097
1,V18_GPU_MEASURED,2,hero-10k,10000,57,32,0.5,uniform__sensitivity_leaf_32_lambda_0_50,false,4,3.277533558,4.034532354,5.681727286,0.078174652,95432180.000232218,91581937.822454962,8a2e8a837ea4354870b632b67932512301e1b6ec3e08aea9987d268a512e6d62
1,V18_GPU_MEASURED,2,hero-10k,10000,58,32,0.75,uniform__sensitivity_leaf_32_lambda_0_75,false,4,3.644239015,4.671473833,6.528289550,0.186726051,95432180.000232218,90974090.683242138,4174464bd7a743f30f7d54be6822c6e8821221dbf90437a6509eb0c79a6b9a7d
1,V18_GPU_MEASURED,2,hero-10k,10000,59,32,1,uniform__sensitivity_leaf_32_lambda_1_00,false,4,6.676787906,6.230104346,1.869784091,27.931205068,95432180.000232218,89486655.606692326,f383374f7f23e3b1cd59be02707d62457eb3deac9027afea4f64b9ea58d2e562
1,V18_GPU_MEASURED,2,hero-10k,10000,60,32,2,uniform__sensitivity_leaf_32_lambda_2_00,false,4,8.695504871,6.942110495,2.870330774,27.948989975,95432180.000232218,88807172.617003906,c010a0aa4075bbe632541a3a690a380ea2a76143b1754a6b7b16ad85dc01e442
1,V18_GPU_MEASURED,2,hero-10k,10000,61,32,5,uniform__sensitivity_leaf_32_lambda_5_00,false,4,4.120263046,6.112925300,-3.215784456,37.320692067,95432180.000232218,89598482.124590454,42d206ba1d310ae9f26f3e8d337802c5ba5abd9507ff93403584e9a8489589cb
1,V18_GPU_MEASURED,2,hero-10k,10000,62,32,10,uniform__sensitivity_leaf_32_lambda_10_00,false,4,3.429940292,6.048989200,-3.335388293,37.337912005,95432180.000232218,89659497.739012060,43c5873927af687ed4baaa5aa5a736ba5550227af76fd7f0e269c647d5146b5d
1,V18_GPU_MEASURED,2,hero-10k,10000,63,32,20,uniform__sensitivity_leaf_32_lambda_20_00,false,4,0.945647766,5.201645546,-4.706911763,37.629048930,95432180.000232218,90468136.259582618,afc87f1e32360fa431fa1968b65ac2299bc33436c5950ba261027dee343c1191
1,V18_GPU_MEASURED,2,hero-10k,10000,64,32,50,uniform__sensitivity_leaf_32_lambda_50_00,false,4,0.297963639,5.090482070,-4.875942585,37.647274978,95432180.000232218,90574221.987905600,7d965a49fe139dfa691b278349c9091b460619cba19d53dc61dce8c35eebe016
1,V18_GPU_MEASURED,2,hero-10k,10000,65,32,100,uniform__sensitivity_leaf_32_lambda_100_00,false,4,1.109517312,5.133697431,-4.815263965,37.648459090,95432180.000232218,90532980.627400900,fd9039cd6fef2a3b75b75bea8d6a503f15adca82f30d8cc2fc272d8da7f9a8b4
1,V18_GPU_MEASURED,2,hero-10k,10000,66,64,0,uniform__sensitivity_leaf_64_lambda_0_00,false,4,0.051569867,0.000000000,0.000000000,0.000000000,95432180.000232218,95432180.000232218,52f8c78921513a1a449e7f129a0eeabf1c3627f2d0d9e733753d6514d874dd2d
1,V18_GPU_MEASURED,2,hero-10k,10000,67,64,0.25,uniform__sensitivity_leaf_64_lambda_0_25,false,4,2.444018011,2.648187566,3.749606153,0.012777582,95432180.000232218,92904956.875945382,7b6e73d00d818bcd43eaf95aa25a2dc7c9166444bac7b9fff77e94a25b39f097
1,V18_GPU_MEASURED,2,hero-10k,10000,68,64,0.5,uniform__sensitivity_leaf_64_lambda_0_50,false,4,3.361046722,4.034532354,5.681727286,0.078174652,95432180.000232218,91581937.822454962,8a2e8a837ea4354870b632b67932512301e1b6ec3e08aea9987d268a512e6d62
1,V18_GPU_MEASURED,2,hero-10k,10000,69,64,0.75,uniform__sensitivity_leaf_64_lambda_0_75,false,4,3.956444617,4.671473833,6.528289550,0.186726051,95432180.000232218,90974090.683242138,4174464bd7a743f30f7d54be6822c6e8821221dbf90437a6509eb0c79a6b9a7d
1,V18_GPU_MEASURED,2,hero-10k,10000,70,64,1,uniform__sensitivity_leaf_64_lambda_1_00,false,4,6.709551705,6.230104346,1.869784091,27.931205068,95432180.000232218,89486655.606692326,f383374f7f23e3b1cd59be02707d62457eb3deac9027afea4f64b9ea58d2e562
1,V18_GPU_MEASURED,2,hero-10k,10000,71,64,2,uniform__sensitivity_leaf_64_lambda_2_00,false,4,8.273561019,6.942110495,2.870330774,27.948989975,95432180.000232218,88807172.617003906,c010a0aa4075bbe632541a3a690a380ea2a76143b1754a6b7b16ad85dc01e442
1,V18_GPU_MEASURED,2,hero-10k,10000,72,64,5,uniform__sensitivity_leaf_64_lambda_5_00,false,4,3.887626459,6.112925300,-3.215784456,37.320692067,95432180.000232218,89598482.124590454,42d206ba1d310ae9f26f3e8d337802c5ba5abd9507ff93403584e9a8489589cb
1,V18_GPU_MEASURED,2,hero-10k,10000,73,64,10,uniform__sensitivity_leaf_64_lambda_10_00,false,4,3.411512682,6.048989200,-3.335388293,37.337912005,95432180.000232218,89659497.739012060,43c5873927af687ed4baaa5aa5a736ba5550227af76fd7f0e269c647d5146b5d
1,V18_GPU_MEASURED,2,hero-10k,10000,74,64,20,uniform__sensitivity_leaf_64_lambda_20_00,false,4,1.269383778,5.201645546,-4.706911763,37.629048930,95432180.000232218,90468136.259582618,afc87f1e32360fa431fa1968b65ac2299bc33436c5950ba261027dee343c1191
1,V18_GPU_MEASURED,2,hero-10k,10000,75,64,50,uniform__sensitivity_leaf_64_lambda_50_00,false,4,1.167355018,5.090482070,-4.875942585,37.647274978,95432180.000232218,90574221.987905600,7d965a49fe139dfa691b278349c9091b460619cba19d53dc61dce8c35eebe016
1,V18_GPU_MEASURED,2,hero-10k,10000,76,64,100,uniform__sensitivity_leaf_64_lambda_100_00,false,4,1.156488171,5.133697431,-4.815263965,37.648459090,95432180.000232218,90532980.627400900,fd9039cd6fef2a3b75b75bea8d6a503f15adca82f30d8cc2fc272d8da7f9a8b4
1,V18_GPU_MEASURED,3,hero-100k,100000,0,1,0,uniform__sensitivity_leaf_1_lambda_0_00,false,4,0.514857394,0.487401373,-8.717076766,36.589512266,113275441.276498518,112723335.220276076,5b72bcbff193c4aba860d5fb7b3756bc9ebaf8fcb5b57ad0e8d7a9774d941c1c
1,V18_GPU_MEASURED,3,hero-100k,100000,1,1,0.25,uniform__sensitivity_leaf_1_lambda_0_25,false,4,3.644470560,3.283670887,-4.990581119,36.620641395,113275441.276498518,109555848.588663078,908256ae7e26d1e63522df999f01b61070632c165eb4f01a7d87f99c3664863b
1,V18_GPU_MEASURED,3,hero-100k,100000,2,1,0.5,uniform__sensitivity_leaf_1_lambda_0_50,false,4,3.508647268,4.512600934,-3.371753260,36.679365910,113275441.276498518,108163772.655292556,a367f0d3e5a4a47c8b98e48fe36432f110236dc316b4bd830f3e24ecc68f6069
1,V18_GPU_MEASURED,3,hero-100k,100000,3,1,0.75,uniform__sensitivity_leaf_1_lambda_0_75,false,4,4.253790377,5.262192833,-2.424083762,36.809769441,113275441.276498518,107314669.124014952,3343e365a428ac878ef0880b8941ad7d56287e1aa34646d7c19992bd3b51060c
1,V18_GPU_MEASURED,3,hero-100k,100000,4,1,1,uniform__sensitivity_leaf_1_lambda_1_00,false,4,4.928277026,5.263891697,-2.422111334,36.810482322,113275441.276498518,107312744.728088690,8a816a0190a2bef7ee778731066bd8a68e9fb07102c6156f5f0271225612e570
1,V18_GPU_MEASURED,3,hero-100k,100000,5,1,2,uniform__sensitivity_leaf_1_lambda_2_00,false,4,4.969453988,5.412598985,-2.224720059,36.814008399,113275441.276498518,107144295.891635258,df1def48d58e2f0b1a7c1b1904794a05266db4701dc2c356c057d27bb4f86373
1,V18_GPU_MEASURED,3,hero-100k,100000,6,1,5,uniform__sensitivity_leaf_1_lambda_5_00,false,4,4.835757863,5.434803376,-2.195631839,36.815457157,113275441.276498518,107119143.769296110,85252bcafcf217b7ca9d1f02b770b995c671b4513681908ecb51285706f59023
1,V18_GPU_MEASURED,3,hero-100k,100000,7,1,10,uniform__sensitivity_leaf_1_lambda_10_00,false,4,4.536244952,5.428221630,-2.230663689,36.875653426,113275441.276498518,107126599.271677902,98ac5b55eb4b30443875b2641e945e8baf00b0b77db9cb38e309ee0e73c2b0c0
1,V18_GPU_MEASURED,3,hero-100k,100000,8,1,20,uniform__sensitivity_leaf_1_lambda_20_00,false,4,2.258369351,4.665270890,-3.398440315,37.193897219,113275441.276498518,107990835.088570046,ac8477817b4eac3d9201d4fdcddc13c7268973ddf12ae2e74f6acd754ab61889
1,V18_GPU_MEASURED,3,hero-100k,100000,9,1,50,uniform__sensitivity_leaf_1_lambda_50_00,false,4,2.071611129,4.542476848,-3.573154061,37.215521270,113275441.276498518,108129930.581968206,f5fbb8299ec47602fc3c648d82a3a27defb2b4b1c4c102a50b155c85fc8f752e
1,V18_GPU_MEASURED,3,hero-100k,100000,10,1,100,uniform__sensitivity_leaf_1_lambda_100_00,false,4,1.635223138,4.595238932,-3.502952639,37.216425786,113275441.276498518,108070164.098791578,6883494d3450f72f7fa2c3a1956c83acbe227c115e648cf968ed7c91c1f7ada4
1,V18_GPU_MEASURED,3,hero-100k,100000,11,2,0,uniform__sensitivity_leaf_2_lambda_0_00,false,4,2.439595393,0.594849937,-2.812266405,18.173163962,113275441.276498518,112601622.385170682,32a0d74d979dfa71e27cfc0b6dbcafdc641d37064e07cea7960ce6ce4f5777b5
1,V18_GPU_MEASURED,3,hero-100k,100000,12,2,0.25,uniform__sensitivity_leaf_2_lambda_0_25,false,4,5.520136328,3.388518848,0.912036459,18.201234602,113275441.276498518,109437081.598383630,c0e989e29fa2793d2d0ec4ad0a5f92094ae357519608131322e23355d10e96d6
1,V18_GPU_MEASURED,3,hero-100k,100000,13,2,0.5,uniform__sensitivity_leaf_2_lambda_0_50,false,4,5.622818132,4.612989356,2.526591323,18.255934790,113275441.276498518,108050057.227624542,b2e0de66872cc4fec83e210595f7bb480af47cef8da3c36cad7f8c0294b9d23d
1,V18_GPU_MEASURED,3,hero-100k,100000,14,2,0.75,uniform__sensitivity_leaf_2_lambda_0_75,false,4,7.534645521,5.992413427,2.544594666,27.308808240,113275441.276498518,106487508.524301766,4bd9e4933bfc71f62c81e2fc6e92d36da7fb488051209fe3842f217d712af2c4
1,V18_GPU_MEASURED,3,hero-100k,100000,15,2,1,uniform__sensitivity_leaf_2_lambda_1_00,false,4,7.396542719,5.994064768,2.546513203,27.309498125,113275441.276498518,106485637.959748810,cbb45a54ebc882ba39f287374c862e6e82cf9685ce19241d90c213c6cb3c9edd
1,V18_GPU_MEASURED,3,hero-100k,100000,16,2,2,uniform__sensitivity_leaf_2_lambda_2_00,false,4,7.377579671,6.142479824,2.743655380,27.312686925,113275441.276498518,106317520.151072490,33f389368a9ef15a0d286dfc5472815d0594b6bfbb3a48824fd20eb37c39310b
1,V18_GPU_MEASURED,3,hero-100k,100000,17,2,5,uniform__sensitivity_leaf_2_lambda_5_00,false,4,5.025953894,5.434803376,-2.195631839,36.815457157,113275441.276498518,107119143.769296110,85252bcafcf217b7ca9d1f02b770b995c671b4513681908ecb51285706f59023
1,V18_GPU_MEASURED,3,hero-100k,100000,18,2,10,uniform__sensitivity_leaf_2_lambda_10_00,false,4,4.654421191,5.428408386,-2.224121264,36.834796924,113275441.276498518,107126387.722544258,0fcfdf79b7f2ecb98c0d320301a6a098fa68d0a8e78102337ff9e667d6384b7e
1,V18_GPU_MEASURED,3,hero-100k,100000,19,2,20,uniform__sensitivity_leaf_2_lambda_20_00,false,4,2.030141387,4.665457647,-3.391897891,37.153040716,113275441.276498518,107990623.539436402,2d76b51672d2fbc4457bca4ff8195af9ea68dc341a2c653c6c377d0908642c7c
1,V18_GPU_MEASURED,3,hero-100k,100000,20,2,50,uniform__sensitivity_leaf_2_lambda_50_00,false,4,1.910505344,4.542663604,-3.566611636,37.174664768,113275441.276498518,108129719.032834562,16762493df3ad1db7732e9daf27ad7b0595f7a61feced7328823daf63ac8b252
1,V18_GPU_MEASURED,3,hero-100k,100000,21,2,100,uniform__sensitivity_leaf_2_lambda_100_00,false,4,1.790900167,4.595425688,-3.496410214,37.175569283,113275441.276498518,108069952.549657934,6568485165a0cae0d64ce7b1aca6fe2978f9ed27b1962b2c3411be9837e943e4
1,V18_GPU_MEASURED,3,hero-100k,100000,22,4,0,uniform__sensitivity_leaf_4_lambda_0_00,false,4,0.893713121,0.200559437,-0.944734209,6.109886821,113275441.276498518,113048256.689703950,e387a1a72c609cac0e35f9f98ee0b5f3be3cfd4436a9d545901949d6c579438b
1,V18_GPU_MEASURED,3,hero-100k,100000,23,4,0.25,uniform__sensitivity_leaf_4_lambda_0_25,false,4,4.013795606,2.994228348,2.779568654,6.137957462,113275441.276498518,109883715.902916898,bdd5ace1c21d74fc2b648c4b279348a5983f2f3b0f1c700767e8a26db496a68e
1,V18_GPU_MEASURED,3,hero-100k,100000,24,4,0.5,uniform__sensitivity_leaf_4_lambda_0_50,false,4,4.219881195,4.218698855,4.394123519,6.192657650,113275441.276498518,108496691.532157810,f7f1144592d17680b030b486977714b3e6042d8d3b7e0e59cba261096ddad74e
1,V18_GPU_MEASURED,3,hero-100k,100000,25,4,0.75,uniform__sensitivity_leaf_4_lambda_0_75,false,4,4.749411627,4.964137389,5.330262637,6.349859367,113275441.276498518,107652292.743701578,a9851990dcc48cfe3cd20e016521d2fbada73bb986a2761639f207d105810219
1,V18_GPU_MEASURED,3,hero-100k,100000,26,4,1,uniform__sensitivity_leaf_4_lambda_1_00,false,4,7.859490384,5.994064768,2.546513203,27.309498125,113275441.276498518,106485637.959748810,cbb45a54ebc882ba39f287374c862e6e82cf9685ce19241d90c213c6cb3c9edd
1,V18_GPU_MEASURED,3,hero-100k,100000,27,4,2,uniform__sensitivity_leaf_4_lambda_2_00,false,4,7.413042414,6.142479824,2.743655380,27.312686925,113275441.276498518,106317520.151072490,33f389368a9ef15a0d286dfc5472815d0594b6bfbb3a48824fd20eb37c39310b
1,V18_GPU_MEASURED,3,hero-100k,100000,28,4,5,uniform__sensitivity_leaf_4_lambda_5_00,false,4,4.941692169,5.434803376,-2.195631839,36.815457157,113275441.276498518,107119143.769296110,85252bcafcf217b7ca9d1f02b770b995c671b4513681908ecb51285706f59023
1,V18_GPU_MEASURED,3,hero-100k,100000,29,4,10,uniform__sensitivity_leaf_4_lambda_10_00,false,4,4.270339461,5.428408386,-2.224121264,36.834796924,113275441.276498518,107126387.722544258,0fcfdf79b7f2ecb98c0d320301a6a098fa68d0a8e78102337ff9e667d6384b7e
1,V18_GPU_MEASURED,3,hero-100k,100000,30,4,20,uniform__sensitivity_leaf_4_lambda_20_00,false,4,1.679428776,4.665457647,-3.391897891,37.153040716,113275441.276498518,107990623.539436402,2d76b51672d2fbc4457bca4ff8195af9ea68dc341a2c653c6c377d0908642c7c
1,V18_GPU_MEASURED,3,hero-100k,100000,31,4,50,uniform__sensitivity_leaf_4_lambda_50_00,false,4,1.502434678,4.542663604,-3.566611636,37.174664768,113275441.276498518,108129719.032834562,16762493df3ad1db7732e9daf27ad7b0595f7a61feced7328823daf63ac8b252
1,V18_GPU_MEASURED,3,hero-100k,100000,32,4,100,uniform__sensitivity_leaf_4_lambda_100_00,false,4,2.142325067,4.595425688,-3.496410214,37.175569283,113275441.276498518,108069952.549657934,6568485165a0cae0d64ce7b1aca6fe2978f9ed27b1962b2c3411be9837e943e4
1,V18_GPU_MEASURED,3,hero-100k,100000,33,8,0,anchor,true,0,0.000000000,0.000000000,0.000000000,0.000000000,113275441.276498518,113275441.276498518,cae733ccd7c1de49853f7f50fb38a700c08c010e719ebb1b008817908c5978e2
1,V18_GPU_MEASURED,3,hero-100k,100000,34,8,0.25,uniform__sensitivity_leaf_8_lambda_0_25,false,4,2.933892550,2.793668911,3.724302864,0.028070640,113275441.276498518,110110900.489711466,d75cdb30408a9970a4e3729032b2eabd231da6d9b5aa6d254ab187f085556cbc
1,V18_GPU_MEASURED,3,hero-100k,100000,35,8,0.5,uniform__sensitivity_leaf_8_lambda_0_50,false,4,3.464464268,4.018139419,5.338857728,0.082770828,113275441.276498518,108723876.118952378,a9c1ef74b16025a39bb75f3d4ecf0ec788495522ad846c4dfa20550fcb2278a0
1,V18_GPU_MEASURED,3,hero-100k,100000,36,8,0.75,uniform__sensitivity_leaf_8_lambda_0_75,false,4,3.914751510,4.760039109,6.274996847,0.216133198,113275441.276498518,107883485.970295586,6f5e34853c7b05964f5bb65f75373f7070c1a0a1c850b85613cfc8df45d2c3b8
1,V18_GPU_MEASURED,3,hero-100k,100000,37,8,1,uniform__weighted,false,4,7.564310671,5.994064768,2.546513203,27.309498125,113275441.276498518,106485637.959748810,cbb45a54ebc882ba39f287374c862e6e82cf9685ce19241d90c213c6cb3c9edd
1,V18_GPU_MEASURED,3,hero-100k,100000,38,8,2,uniform__sensitivity_leaf_8_lambda_2_00,false,4,7.616652275,6.142479824,2.743655380,27.312686925,113275441.276498518,106317520.151072490,33f389368a9ef15a0d286dfc5472815d0594b6bfbb3a48824fd20eb37c39310b
1,V18_GPU_MEASURED,3,hero-100k,100000,39,8,5,uniform__sensitivity_leaf_8_lambda_5_00,false,4,5.304979154,5.434803376,-2.195631839,36.815457157,113275441.276498518,107119143.769296110,85252bcafcf217b7ca9d1f02b770b995c671b4513681908ecb51285706f59023
1,V18_GPU_MEASURED,3,hero-100k,100000,40,8,10,uniform__sensitivity_leaf_8_lambda_10_00,false,4,4.126776386,5.428408386,-2.224121264,36.834796924,113275441.276498518,107126387.722544258,0fcfdf79b7f2ecb98c0d320301a6a098fa68d0a8e78102337ff9e667d6384b7e
1,V18_GPU_MEASURED,3,hero-100k,100000,41,8,20,uniform__sensitivity_leaf_8_lambda_20_00,false,4,2.055077817,4.665457647,-3.391897891,37.153040716,113275441.276498518,107990623.539436402,2d76b51672d2fbc4457bca4ff8195af9ea68dc341a2c653c6c377d0908642c7c
1,V18_GPU_MEASURED,3,hero-100k,100000,42,8,50,uniform__sensitivity_leaf_8_lambda_50_00,false,4,1.783690479,4.542663604,-3.566611636,37.174664768,113275441.276498518,108129719.032834562,16762493df3ad1db7732e9daf27ad7b0595f7a61feced7328823daf63ac8b252
1,V18_GPU_MEASURED,3,hero-100k,100000,43,8,100,uniform__sensitivity_leaf_8_lambda_100_00,false,4,2.078538625,4.595425688,-3.496410214,37.175569283,113275441.276498518,108069952.549657934,6568485165a0cae0d64ce7b1aca6fe2978f9ed27b1962b2c3411be9837e943e4
1,V18_GPU_MEASURED,3,hero-100k,100000,44,16,0,uniform__sensitivity_leaf_16_lambda_0_00,false,4,-0.102398057,0.000000000,0.000000000,0.000000000,113275441.276498518,113275441.276498518,cae733ccd7c1de49853f7f50fb38a700c08c010e719ebb1b008817908c5978e2
1,V18_GPU_MEASURED,3,hero-100k,100000,45,16,0.25,uniform__sensitivity_leaf_16_lambda_0_25,false,4,3.256519295,2.793668911,3.724302864,0.028070640,113275441.276498518,110110900.489711466,d75cdb30408a9970a4e3729032b2eabd231da6d9b5aa6d254ab187f085556cbc
1,V18_GPU_MEASURED,3,hero-100k,100000,46,16,0.5,uniform__sensitivity_leaf_16_lambda_0_50,false,4,3.409676582,4.018139419,5.338857728,0.082770828,113275441.276498518,108723876.118952378,a9c1ef74b16025a39bb75f3d4ecf0ec788495522ad846c4dfa20550fcb2278a0
1,V18_GPU_MEASURED,3,hero-100k,100000,47,16,0.75,uniform__sensitivity_leaf_16_lambda_0_75,false,4,4.283089490,4.760039109,6.274996847,0.216133198,113275441.276498518,107883485.970295586,6f5e34853c7b05964f5bb65f75373f7070c1a0a1c850b85613cfc8df45d2c3b8
1,V18_GPU_MEASURED,3,hero-100k,100000,48,16,1,uniform__sensitivity_leaf_16_lambda_1_00,false,4,7.460207676,5.994064768,2.546513203,27.309498125,113275441.276498518,106485637.959748810,cbb45a54ebc882ba39f287374c862e6e82cf9685ce19241d90c213c6cb3c9edd
1,V18_GPU_MEASURED,3,hero-100k,100000,49,16,2,uniform__sensitivity_leaf_16_lambda_2_00,false,4,7.502680885,6.142479824,2.743655380,27.312686925,113275441.276498518,106317520.151072490,33f389368a9ef15a0d286dfc5472815d0594b6bfbb3a48824fd20eb37c39310b
1,V18_GPU_MEASURED,3,hero-100k,100000,50,16,5,uniform__sensitivity_leaf_16_lambda_5_00,false,4,4.953908649,5.434803376,-2.195631839,36.815457157,113275441.276498518,107119143.769296110,85252bcafcf217b7ca9d1f02b770b995c671b4513681908ecb51285706f59023
1,V18_GPU_MEASURED,3,hero-100k,100000,51,16,10,uniform__sensitivity_leaf_16_lambda_10_00,false,4,4.171874876,5.428408386,-2.224121264,36.834796924,113275441.276498518,107126387.722544258,0fcfdf79b7f2ecb98c0d320301a6a098fa68d0a8e78102337ff9e667d6384b7e
1,V18_GPU_MEASURED,3,hero-100k,100000,52,16,20,uniform__sensitivity_leaf_16_lambda_20_00,false,4,2.017754219,4.665457647,-3.391897891,37.153040716,113275441.276498518,107990623.539436402,2d76b51672d2fbc4457bca4ff8195af9ea68dc341a2c653c6c377d0908642c7c
1,V18_GPU_MEASURED,3,hero-100k,100000,53,16,50,uniform__sensitivity_leaf_16_lambda_50_00,false,4,1.565116483,4.542663604,-3.566611636,37.174664768,113275441.276498518,108129719.032834562,16762493df3ad1db7732e9daf27ad7b0595f7a61feced7328823daf63ac8b252
1,V18_GPU_MEASURED,3,hero-100k,100000,54,16,100,uniform__sensitivity_leaf_16_lambda_100_00,false,4,2.031358270,4.595425688,-3.496410214,37.175569283,113275441.276498518,108069952.549657934,6568485165a0cae0d64ce7b1aca6fe2978f9ed27b1962b2c3411be9837e943e4
1,V18_GPU_MEASURED,3,hero-100k,100000,55,32,0,uniform__sensitivity_leaf_32_lambda_0_00,false,4,-0.054526288,0.000000000,0.000000000,0.000000000,113275441.276498518,113275441.276498518,cae733ccd7c1de49853f7f50fb38a700c08c010e719ebb1b008817908c5978e2
1,V18_GPU_MEASURED,3,hero-100k,100000,56,32,0.25,uniform__sensitivity_leaf_32_lambda_0_25,false,4,3.002908149,2.793668911,3.724302864,0.028070640,113275441.276498518,110110900.489711466,d75cdb30408a9970a4e3729032b2eabd231da6d9b5aa6d254ab187f085556cbc
1,V18_GPU_MEASURED,3,hero-100k,100000,57,32,0.5,uniform__sensitivity_leaf_32_lambda_0_50,false,4,3.481253074,4.018139419,5.338857728,0.082770828,113275441.276498518,108723876.118952378,a9c1ef74b16025a39bb75f3d4ecf0ec788495522ad846c4dfa20550fcb2278a0
1,V18_GPU_MEASURED,3,hero-100k,100000,58,32,0.75,uniform__sensitivity_leaf_32_lambda_0_75,false,4,4.229235211,4.760039109,6.274996847,0.216133198,113275441.276498518,107883485.970295586,6f5e34853c7b05964f5bb65f75373f7070c1a0a1c850b85613cfc8df45d2c3b8
1,V18_GPU_MEASURED,3,hero-100k,100000,59,32,1,uniform__sensitivity_leaf_32_lambda_1_00,false,4,7.563430122,5.994064768,2.546513203,27.309498125,113275441.276498518,106485637.959748810,cbb45a54ebc882ba39f287374c862e6e82cf9685ce19241d90c213c6cb3c9edd
1,V18_GPU_MEASURED,3,hero-100k,100000,60,32,2,uniform__sensitivity_leaf_32_lambda_2_00,false,4,7.950595487,6.142479824,2.743655380,27.312686925,113275441.276498518,106317520.151072490,33f389368a9ef15a0d286dfc5472815d0594b6bfbb3a48824fd20eb37c39310b
1,V18_GPU_MEASURED,3,hero-100k,100000,61,32,5,uniform__sensitivity_leaf_32_lambda_5_00,false,4,5.056823559,5.434803376,-2.195631839,36.815457157,113275441.276498518,107119143.769296110,85252bcafcf217b7ca9d1f02b770b995c671b4513681908ecb51285706f59023
1,V18_GPU_MEASURED,3,hero-100k,100000,62,32,10,uniform__sensitivity_leaf_32_lambda_10_00,false,4,4.712597883,5.428408386,-2.224121264,36.834796924,113275441.276498518,107126387.722544258,0fcfdf79b7f2ecb98c0d320301a6a098fa68d0a8e78102337ff9e667d6384b7e
1,V18_GPU_MEASURED,3,hero-100k,100000,63,32,20,uniform__sensitivity_leaf_32_lambda_20_00,false,4,2.068166474,4.665457647,-3.391897891,37.153040716,113275441.276498518,107990623.539436402,2d76b51672d2fbc4457bca4ff8195af9ea68dc341a2c653c6c377d0908642c7c
1,V18_GPU_MEASURED,3,hero-100k,100000,64,32,50,uniform__sensitivity_leaf_32_lambda_50_00,false,4,1.970858964,4.542663604,-3.566611636,37.174664768,113275441.276498518,108129719.032834562,16762493df3ad1db7732e9daf27ad7b0595f7a61feced7328823daf63ac8b252
1,V18_GPU_MEASURED,3,hero-100k,100000,65,32,100,uniform__sensitivity_leaf_32_lambda_100_00,false,4,1.706961155,4.595425688,-3.496410214,37.175569283,113275441.276498518,108069952.549657934,6568485165a0cae0d64ce7b1aca6fe2978f9ed27b1962b2c3411be9837e943e4
1,V18_GPU_MEASURED,3,hero-100k,100000,66,64,0,uniform__sensitivity_leaf_64_lambda_0_00,false,4,0.089877714,0.000000000,0.000000000,0.000000000,113275441.276498518,113275441.276498518,cae733ccd7c1de49853f7f50fb38a700c08c010e719ebb1b008817908c5978e2
1,V18_GPU_MEASURED,3,hero-100k,100000,67,64,0.25,uniform__sensitivity_leaf_64_lambda_0_25,false,4,2.997065833,2.793668911,3.724302864,0.028070640,113275441.276498518,110110900.489711466,d75cdb30408a9970a4e3729032b2eabd231da6d9b5aa6d254ab187f085556cbc
1,V18_GPU_MEASURED,3,hero-100k,100000,68,64,0.5,uniform__sensitivity_leaf_64_lambda_0_50,false,4,3.405722514,4.018139419,5.338857728,0.082770828,113275441.276498518,108723876.118952378,a9c1ef74b16025a39bb75f3d4ecf0ec788495522ad846c4dfa20550fcb2278a0
1,V18_GPU_MEASURED,3,hero-100k,100000,69,64,0.75,uniform__sensitivity_leaf_64_lambda_0_75,false,4,4.342260961,4.760039109,6.274996847,0.216133198,113275441.276498518,107883485.970295586,6f5e34853c7b05964f5bb65f75373f7070c1a0a1c850b85613cfc8df45d2c3b8
1,V18_GPU_MEASURED,3,hero-100k,100000,70,64,1,uniform__sensitivity_leaf_64_lambda_1_00,false,4,7.338246529,5.994064768,2.546513203,27.309498125,113275441.276498518,106485637.959748810,cbb45a54ebc882ba39f287374c862e6e82cf9685ce19241d90c213c6cb3c9edd
1,V18_GPU_MEASURED,3,hero-100k,100000,71,64,2,uniform__sensitivity_leaf_64_lambda_2_00,false,4,7.637565742,6.142479824,2.743655380,27.312686925,113275441.276498518,106317520.151072490,33f389368a9ef15a0d286dfc5472815d0594b6bfbb3a48824fd20eb37c39310b
1,V18_GPU_MEASURED,3,hero-100k,100000,72,64,5,uniform__sensitivity_leaf_64_lambda_5_00,false,4,5.347233431,5.434803376,-2.195631839,36.815457157,113275441.276498518,107119143.769296110,85252bcafcf217b7ca9d1f02b770b995c671b4513681908ecb51285706f59023
1,V18_GPU_MEASURED,3,hero-100k,100000,73,64,10,uniform__sensitivity_leaf_64_lambda_10_00,false,4,3.919484692,5.428408386,-2.224121264,36.834796924,113275441.276498518,107126387.722544258,0fcfdf79b7f2ecb98c0d320301a6a098fa68d0a8e78102337ff9e667d6384b7e
1,V18_GPU_MEASURED,3,hero-100k,100000,74,64,20,uniform__sensitivity_leaf_64_lambda_20_00,false,4,2.926069018,4.665457647,-3.391897891,37.153040716,113275441.276498518,107990623.539436402,2d76b51672d2fbc4457bca4ff8195af9ea68dc341a2c653c6c377d0908642c7c
1,V18_GPU_MEASURED,3,hero-100k,100000,75,64,50,uniform__sensitivity_leaf_64_lambda_50_00,false,4,1.670450401,4.542663604,-3.566611636,37.174664768,113275441.276498518,108129719.032834562,16762493df3ad1db7732e9daf27ad7b0595f7a61feced7328823daf63ac8b252
1,V18_GPU_MEASURED,3,hero-100k,100000,76,64,100,uniform__sensitivity_leaf_64_lambda_100_00,false,4,1.601410203,4.595425688,-3.496410214,37.175569283,113275441.276498518,108069952.549657934,6568485165a0cae0d64ce7b1aca6fe2978f9ed27b1962b2c3411be9837e943e4
1,V18_GPU_MEASURED,4,hero-1m,1000000,0,1,0,uniform__sensitivity_leaf_1_lambda_0_00,false,4,2.708834962,0.420425391,-7.306550357,36.447241152,130346034.800177228,129798026.973902182,f1a6a3b09a1b9a28367ccdb02b7d716030877b7b02a98e1005034004fcfa916a
1,V18_GPU_MEASURED,4,hero-1m,1000000,1,1,0.25,uniform__sensitivity_leaf_1_lambda_0_25,false,4,5.342528435,3.383224096,-3.512087214,36.471530760,130346034.800177228,125936136.342807678,8d3b738a6167a8b4a4c55d97982569a68f5fefe76bce8a4ec9279538b0aab0f0
1,V18_GPU_MEASURED,4,hero-1m,1000000,2,1,0.5,uniform__sensitivity_leaf_1_lambda_0_50,false,4,7.022034058,4.568402516,-2.010777498,36.528186192,130346034.800177228,124391303.266245170,62da3776f5a576b97280bccbff852925ee6f28a954eab7b4cc1e23fb3d9a155e
1,V18_GPU_MEASURED,4,hero-1m,1000000,3,1,0.75,uniform__sensitivity_leaf_1_lambda_0_75,false,4,8.142295027,5.442655975,-0.938835387,36.670678109,130346034.800177228,123251748.548564854,60ab14792a5c251296df7bba2c873c78b55db1e89fac7a9afb66d38405fb8de0
1,V18_GPU_MEASURED,4,hero-1m,1000000,4,1,1,uniform__sensitivity_leaf_1_lambda_1_00,false,4,8.377121028,5.444036208,-0.937171191,36.670982872,130346034.800177228,123249949.469559166,3ab68b58ab17c3cc38ef554c33cde3505ea499568257818355058b3110bcddc2
1,V18_GPU_MEASURED,4,hero-1m,1000000,5,1,2,uniform__sensitivity_leaf_1_lambda_2_00,false,4,7.842860030,5.498095528,-0.867786398,36.670998110,130346034.800177228,123179485.290498122,44efb1c90cd46bbd592e202b2a331a20768c69e5b3acd23e08ad7e7fa306a7ff
1,V18_GPU_MEASURED,4,hero-1m,1000000,6,1,5,uniform__sensitivity_leaf_1_lambda_5_00,false,4,8.297371553,5.503656561,-0.860666115,36.671043825,130346034.800177228,123172236.704541484,75be8958348be6d7fe448ac6df4313475fa6cec73264b1bb91227716d62c7ea9
1,V18_GPU_MEASURED,4,hero-1m,1000000,7,1,10,uniform__sensitivity_leaf_1_lambda_10_00,false,4,8.068260512,5.529695612,-0.843912275,36.716369694,130346034.800177228,123138295.833831402,0f275cbd1b2a3711113069663358df2a78e201f9d8452bea04ce58e50ded2ce3
1,V18_GPU_MEASURED,4,hero-1m,1000000,8,1,20,uniform__sensitivity_leaf_1_lambda_20_00,false,4,5.728497287,4.857314670,-1.839125553,37.059822300,130346034.800177228,124014717.729791240,c33c1741a6a5d00d55d028288fb42e0eab35eb4f63b1f83b26bacd067db3b583
1,V18_GPU_MEASURED,4,hero-1m,1000000,9,1,50,uniform__sensitivity_leaf_1_lambda_50_00,false,4,5.672655030,4.750572987,-1.987172084,37.087388109,130346034.800177228,124153851.281453576,a9de3905a39792f3356cacc3aaf9e50acc29729d41498277b6317ea4b5c034d3
1,V18_GPU_MEASURED,4,hero-1m,1000000,10,1,100,uniform__sensitivity_leaf_1_lambda_100_00,false,4,5.546511210,4.799137251,-1.925116347,37.088127159,130346034.800177228,124090549.688290114,b3d9cb65d4db3a2fb7204384bc55f0c6398d93cdab7a2fd050a31eb90dc67b7c
1,V18_GPU_MEASURED,4,hero-1m,1000000,11,2,0,uniform__sensitivity_leaf_2_lambda_0_00,false,4,3.491024875,0.520931904,-2.341064497,18.066058131,130346034.800177228,129667020.718690756,d3359a9a3d013d0f8d26ce541928dda20b70a7110bf2fd503f880e666439b6c4
1,V18_GPU_MEASURED,4,hero-1m,1000000,12,2,0.25,uniform__sensitivity_leaf_2_lambda_0_25,false,4,6.533256572,3.481774502,1.452016145,18.087147727,130346034.800177228,125807679.795703684,414c4399c19e10334da6f9f035ce45fd80b1cf1377e16e512666ac9ce759e493
1,V18_GPU_MEASURED,4,hero-1m,1000000,13,2,0.5,uniform__sensitivity_leaf_2_lambda_0_50,false,4,7.451767102,4.663681243,2.949722766,18.142111725,130346034.800177228,124267111.223579296,5695bd5614faa25d745ea34b022b41f8a5969394d7cc1df0f9b37994efc10bf8
1,V18_GPU_MEASURED,4,hero-1m,1000000,14,2,0.75,uniform__sensitivity_leaf_2_lambda_0_75,false,4,9.518989278,6.082196018,3.247668819,27.125769193,130346034.800177228,122418133.461819288,7e83b8ff24f6f6f6c4448ee70539c724f0d0de3bede1e64896530c1e6f2210d0
1,V18_GPU_MEASURED,4,hero-1m,1000000,15,2,1,uniform__sensitivity_leaf_2_lambda_1_00,false,4,9.563430441,6.083570910,3.249310040,27.126119671,130346034.800177228,122416341.344824832,caef04738c99506ea1df93b64b24afa7baeb16a829e4764285064e538ff51d7d
1,V18_GPU_MEASURED,4,hero-1m,1000000,16,2,2,uniform__sensitivity_leaf_2_lambda_2_00,false,4,9.623023711,6.137626043,3.318694833,27.126119671,130346034.800177228,122345882.621994352,58bf959b14b25c9ac31508f04813b58c1238e5e0dd25468722a4c4d3aa054dbc
1,V18_GPU_MEASURED,4,hero-1m,1000000,17,2,5,uniform__sensitivity_leaf_2_lambda_5_00,false,4,8.413815501,5.503656561,-0.860666115,36.671043825,130346034.800177228,123172236.704541484,75be8958348be6d7fe448ac6df4313475fa6cec73264b1bb91227716d62c7ea9
1,V18_GPU_MEASURED,4,hero-1m,1000000,18,2,10,uniform__sensitivity_leaf_2_lambda_10_00,false,4,8.018259425,5.529747794,-0.842035310,36.702365837,130346034.800177228,123138227.816840350,2d6f408aa9b6b5452bfdb8b00e6d169637ac8417f2ffe197f23476778ad84d3d
1,V18_GPU_MEASURED,4,hero-1m,1000000,19,2,20,uniform__sensitivity_leaf_2_lambda_20_00,false,4,5.653356049,4.857370836,-1.837165678,37.045216536,130346034.800177228,124014644.519393984,36aebcc847ab0ab2969dd2ffdb5136ee9df7d81d969601b753d79d9765173118
1,V18_GPU_MEASURED,4,hero-1m,1000000,20,2,50,uniform__sensitivity_leaf_2_lambda_50_00,false,4,5.517612296,4.750628094,-1.985308105,37.073513776,130346034.800177228,124153779.451381568,fe8416417b12fefc4b9e4b0941c427b2b695b7a04b57ad9f3758c805914c33f9
1,V18_GPU_MEASURED,4,hero-1m,1000000,21,2,100,uniform__sensitivity_leaf_2_lambda_100_00,false,4,5.219176703,4.799193186,-1.923177449,37.073681395,130346034.800177228,124090476.779839006,b973c99f7d697a777e570759bf24bdeb34b420cc3a094b0761dcb51d57fb8c26
1,V18_GPU_MEASURED,4,hero-1m,1000000,22,4,0,uniform__sensitivity_leaf_4_lambda_0_00,false,4,1.201206470,0.179054444,-0.787426501,6.106154269,130346034.800177228,130112644.431733148,28de913e23a1ab236de2ec43b8a38f62a57a9613a0d0be809c5f54a529f9d6a6
1,V18_GPU_MEASURED,4,hero-1m,1000000,23,4,0.25,uniform__sensitivity_leaf_4_lambda_0_25,false,4,4.658528289,3.139897042,3.005654141,6.127243865,130346034.800177228,126253303.508746076,3f0382c45faf113dcbfe6d77e9bc9ab0963f485bdd8676e29a356860fd3ca42c
1,V18_GPU_MEASURED,4,hero-1m,1000000,24,4,0.5,uniform__sensitivity_leaf_4_lambda_0_50,false,4,5.800905464,4.321803783,4.503360762,6.182207863,130346034.800177228,124712734.936621688,751fc8f9e547edc5c0eb35ab9088c1f1663e883a1e3fb35020e7420c3bda89f9
1,V18_GPU_MEASURED,4,hero-1m,1000000,25,4,0.75,uniform__sensitivity_leaf_4_lambda_0_75,false,4,6.539771326,5.187673551,5.566251684,6.316204513,130346034.800177228,123584108.028689224,8b15096adc13aa77fe55defe0bc2919994c4a96ec2971766a8d5ef26cde1712f
1,V18_GPU_MEASURED,4,hero-1m,1000000,26,4,1,uniform__sensitivity_leaf_4_lambda_1_00,false,4,9.288951632,6.083570910,3.249310040,27.126119671,130346034.800177228,122416341.344824832,caef04738c99506ea1df93b64b24afa7baeb16a829e4764285064e538ff51d7d
1,V18_GPU_MEASURED,4,hero-1m,1000000,27,4,2,uniform__sensitivity_leaf_4_lambda_2_00,false,4,9.482128904,6.137626043,3.318694833,27.126119671,130346034.800177228,122345882.621994352,58bf959b14b25c9ac31508f04813b58c1238e5e0dd25468722a4c4d3aa054dbc
1,V18_GPU_MEASURED,4,hero-1m,1000000,28,4,5,uniform__sensitivity_leaf_4_lambda_5_00,false,4,7.859116648,5.503656561,-0.860666115,36.671043825,130346034.800177228,123172236.704541484,75be8958348be6d7fe448ac6df4313475fa6cec73264b1bb91227716d62c7ea9
1,V18_GPU_MEASURED,4,hero-1m,1000000,29,4,10,uniform__sensitivity_leaf_4_lambda_10_00,false,4,8.264200961,5.529747794,-0.842035310,36.702365837,130346034.800177228,123138227.816840350,2d6f408aa9b6b5452bfdb8b00e6d169637ac8417f2ffe197f23476778ad84d3d
1,V18_GPU_MEASURED,4,hero-1m,1000000,30,4,20,uniform__sensitivity_leaf_4_lambda_20_00,false,4,5.978547228,4.857370836,-1.837165678,37.045216536,130346034.800177228,124014644.519393984,36aebcc847ab0ab2969dd2ffdb5136ee9df7d81d969601b753d79d9765173118
1,V18_GPU_MEASURED,4,hero-1m,1000000,31,4,50,uniform__sensitivity_leaf_4_lambda_50_00,false,4,5.637530430,4.750628094,-1.985308105,37.073513776,130346034.800177228,124153779.451381568,fe8416417b12fefc4b9e4b0941c427b2b695b7a04b57ad9f3758c805914c33f9
1,V18_GPU_MEASURED,4,hero-1m,1000000,32,4,100,uniform__sensitivity_leaf_4_lambda_100_00,false,4,5.734739868,4.799193186,-1.923177449,37.073681395,130346034.800177228,124090476.779839006,b973c99f7d697a777e570759bf24bdeb34b420cc3a094b0761dcb51d57fb8c26
1,V18_GPU_MEASURED,4,hero-1m,1000000,33,8,0,anchor,true,0,0.000000000,0.000000000,0.000000000,0.000000000,130346034.800177228,130346034.800177228,9647414974d220f475c3e6e125dabc0ffdc5d8481548f1831203abbf1dcc0bb3
1,V18_GPU_MEASURED,4,hero-1m,1000000,34,8,0.25,uniform__sensitivity_leaf_8_lambda_0_25,false,4,3.093491826,2.960842598,3.793080642,0.021089596,130346034.800177228,126486693.877190156,47454194c483b4feacbbb69fcdcf1160d686893d58a76061bc95d05131017dd3
1,V18_GPU_MEASURED,4,hero-1m,1000000,35,8,0.5,uniform__sensitivity_leaf_8_lambda_0_50,false,4,4.498573745,4.142749339,5.290787263,0.076053594,130346034.800177228,124946125.305065768,6d2e3af33f46885f46af1b935b23a40165891053b7497d093907c317dff8baec
1,V18_GPU_MEASURED,4,hero-1m,1000000,36,8,0.75,uniform__sensitivity_leaf_8_lambda_0_75,false,4,5.507358304,5.009516010,6.353678185,0.216960744,130346034.800177228,123816329.317937776,1a6e5dc8bc250443969b72dfe97f847033456ece3543aafd127c677f846f3e45
1,V18_GPU_MEASURED,4,hero-1m,1000000,37,8,1,uniform__weighted,false,4,9.689772022,6.083570910,3.249310040,27.126119671,130346034.800177228,122416341.344824832,caef04738c99506ea1df93b64b24afa7baeb16a829e4764285064e538ff51d7d
1,V18_GPU_MEASURED,4,hero-1m,1000000,38,8,2,uniform__sensitivity_leaf_8_lambda_2_00,false,4,9.592232129,6.137626043,3.318694833,27.126119671,130346034.800177228,122345882.621994352,58bf959b14b25c9ac31508f04813b58c1238e5e0dd25468722a4c4d3aa054dbc
1,V18_GPU_MEASURED,4,hero-1m,1000000,39,8,5,uniform__sensitivity_leaf_8_lambda_5_00,false,4,8.319535964,5.503656561,-0.860666115,36.671043825,130346034.800177228,123172236.704541484,75be8958348be6d7fe448ac6df4313475fa6cec73264b1bb91227716d62c7ea9
1,V18_GPU_MEASURED,4,hero-1m,1000000,40,8,10,uniform__sensitivity_leaf_8_lambda_10_00,false,4,8.002867823,5.529747794,-0.842035310,36.702365837,130346034.800177228,123138227.816840350,2d6f408aa9b6b5452bfdb8b00e6d169637ac8417f2ffe197f23476778ad84d3d
1,V18_GPU_MEASURED,4,hero-1m,1000000,41,8,20,uniform__sensitivity_leaf_8_lambda_20_00,false,4,5.832649608,4.857370836,-1.837165678,37.045216536,130346034.800177228,124014644.519393984,36aebcc847ab0ab2969dd2ffdb5136ee9df7d81d969601b753d79d9765173118
1,V18_GPU_MEASURED,4,hero-1m,1000000,42,8,50,uniform__sensitivity_leaf_8_lambda_50_00,false,4,5.429903586,4.750628094,-1.985308105,37.073513776,130346034.800177228,124153779.451381568,fe8416417b12fefc4b9e4b0941c427b2b695b7a04b57ad9f3758c805914c33f9
1,V18_GPU_MEASURED,4,hero-1m,1000000,43,8,100,uniform__sensitivity_leaf_8_lambda_100_00,false,4,5.616985739,4.799193186,-1.923177449,37.073681395,130346034.800177228,124090476.779839006,b973c99f7d697a777e570759bf24bdeb34b420cc3a094b0761dcb51d57fb8c26
1,V18_GPU_MEASURED,4,hero-1m,1000000,44,16,0,uniform__sensitivity_leaf_16_lambda_0_00,false,4,0.031792949,0.000000000,0.000000000,0.000000000,130346034.800177228,130346034.800177228,9647414974d220f475c3e6e125dabc0ffdc5d8481548f1831203abbf1dcc0bb3
1,V18_GPU_MEASURED,4,hero-1m,1000000,45,16,0.25,uniform__sensitivity_leaf_16_lambda_0_25,false,4,3.495128909,2.960842598,3.793080642,0.021089596,130346034.800177228,126486693.877190156,47454194c483b4feacbbb69fcdcf1160d686893d58a76061bc95d05131017dd3
1,V18_GPU_MEASURED,4,hero-1m,1000000,46,16,0.5,uniform__sensitivity_leaf_16_lambda_0_50,false,4,4.581818083,4.142749339,5.290787263,0.076053594,130346034.800177228,124946125.305065768,6d2e3af33f46885f46af1b935b23a40165891053b7497d093907c317dff8baec
1,V18_GPU_MEASURED,4,hero-1m,1000000,47,16,0.75,uniform__sensitivity_leaf_16_lambda_0_75,false,4,5.518450401,5.009516010,6.353678185,0.216960744,130346034.800177228,123816329.317937776,1a6e5dc8bc250443969b72dfe97f847033456ece3543aafd127c677f846f3e45
1,V18_GPU_MEASURED,4,hero-1m,1000000,48,16,1,uniform__sensitivity_leaf_16_lambda_1_00,false,4,9.497100701,6.083570910,3.249310040,27.126119671,130346034.800177228,122416341.344824832,caef04738c99506ea1df93b64b24afa7baeb16a829e4764285064e538ff51d7d
1,V18_GPU_MEASURED,4,hero-1m,1000000,49,16,2,uniform__sensitivity_leaf_16_lambda_2_00,false,4,9.762273931,6.137626043,3.318694833,27.126119671,130346034.800177228,122345882.621994352,58bf959b14b25c9ac31508f04813b58c1238e5e0dd25468722a4c4d3aa054dbc
1,V18_GPU_MEASURED,4,hero-1m,1000000,50,16,5,uniform__sensitivity_leaf_16_lambda_5_00,false,4,8.426021351,5.503656561,-0.860666115,36.671043825,130346034.800177228,123172236.704541484,75be8958348be6d7fe448ac6df4313475fa6cec73264b1bb91227716d62c7ea9
1,V18_GPU_MEASURED,4,hero-1m,1000000,51,16,10,uniform__sensitivity_leaf_16_lambda_10_00,false,4,8.292471793,5.529747794,-0.842035310,36.702365837,130346034.800177228,123138227.816840350,2d6f408aa9b6b5452bfdb8b00e6d169637ac8417f2ffe197f23476778ad84d3d
1,V18_GPU_MEASURED,4,hero-1m,1000000,52,16,20,uniform__sensitivity_leaf_16_lambda_20_00,false,4,5.854275785,4.857370836,-1.837165678,37.045216536,130346034.800177228,124014644.519393984,36aebcc847ab0ab2969dd2ffdb5136ee9df7d81d969601b753d79d9765173118
1,V18_GPU_MEASURED,4,hero-1m,1000000,53,16,50,uniform__sensitivity_leaf_16_lambda_50_00,false,4,5.561811663,4.750628094,-1.985308105,37.073513776,130346034.800177228,124153779.451381568,fe8416417b12fefc4b9e4b0941c427b2b695b7a04b57ad9f3758c805914c33f9
1,V18_GPU_MEASURED,4,hero-1m,1000000,54,16,100,uniform__sensitivity_leaf_16_lambda_100_00,false,4,5.306364140,4.799193186,-1.923177449,37.073681395,130346034.800177228,124090476.779839006,b973c99f7d697a777e570759bf24bdeb34b420cc3a094b0761dcb51d57fb8c26
1,V18_GPU_MEASURED,4,hero-1m,1000000,55,32,0,uniform__sensitivity_leaf_32_lambda_0_00,false,4,0.045434352,0.000000000,0.000000000,0.000000000,130346034.800177228,130346034.800177228,9647414974d220f475c3e6e125dabc0ffdc5d8481548f1831203abbf1dcc0bb3
1,V18_GPU_MEASURED,4,hero-1m,1000000,56,32,0.25,uniform__sensitivity_leaf_32_lambda_0_25,false,4,3.188611737,2.960842598,3.793080642,0.021089596,130346034.800177228,126486693.877190156,47454194c483b4feacbbb69fcdcf1160d686893d58a76061bc95d05131017dd3
1,V18_GPU_MEASURED,4,hero-1m,1000000,57,32,0.5,uniform__sensitivity_leaf_32_lambda_0_50,false,4,4.687405288,4.142749339,5.290787263,0.076053594,130346034.800177228,124946125.305065768,6d2e3af33f46885f46af1b935b23a40165891053b7497d093907c317dff8baec
1,V18_GPU_MEASURED,4,hero-1m,1000000,58,32,0.75,uniform__sensitivity_leaf_32_lambda_0_75,false,4,5.453300471,5.009516010,6.353678185,0.216960744,130346034.800177228,123816329.317937776,1a6e5dc8bc250443969b72dfe97f847033456ece3543aafd127c677f846f3e45
1,V18_GPU_MEASURED,4,hero-1m,1000000,59,32,1,uniform__sensitivity_leaf_32_lambda_1_00,false,4,9.508218371,6.083570910,3.249310040,27.126119671,130346034.800177228,122416341.344824832,caef04738c99506ea1df93b64b24afa7baeb16a829e4764285064e538ff51d7d
1,V18_GPU_MEASURED,4,hero-1m,1000000,60,32,2,uniform__sensitivity_leaf_32_lambda_2_00,false,4,9.843196631,6.137626043,3.318694833,27.126119671,130346034.800177228,122345882.621994352,58bf959b14b25c9ac31508f04813b58c1238e5e0dd25468722a4c4d3aa054dbc
1,V18_GPU_MEASURED,4,hero-1m,1000000,61,32,5,uniform__sensitivity_leaf_32_lambda_5_00,false,4,8.530398608,5.503656561,-0.860666115,36.671043825,130346034.800177228,123172236.704541484,75be8958348be6d7fe448ac6df4313475fa6cec73264b1bb91227716d62c7ea9
1,V18_GPU_MEASURED,4,hero-1m,1000000,62,32,10,uniform__sensitivity_leaf_32_lambda_10_00,false,4,7.806718006,5.529747794,-0.842035310,36.702365837,130346034.800177228,123138227.816840350,2d6f408aa9b6b5452bfdb8b00e6d169637ac8417f2ffe197f23476778ad84d3d
1,V18_GPU_MEASURED,4,hero-1m,1000000,63,32,20,uniform__sensitivity_leaf_32_lambda_20_00,false,4,6.135454100,4.857370836,-1.837165678,37.045216536,130346034.800177228,124014644.519393984,36aebcc847ab0ab2969dd2ffdb5136ee9df7d81d969601b753d79d9765173118
1,V18_GPU_MEASURED,4,hero-1m,1000000,64,32,50,uniform__sensitivity_leaf_32_lambda_50_00,false,4,5.384916090,4.750628094,-1.985308105,37.073513776,130346034.800177228,124153779.451381568,fe8416417b12fefc4b9e4b0941c427b2b695b7a04b57ad9f3758c805914c33f9
1,V18_GPU_MEASURED,4,hero-1m,1000000,65,32,100,uniform__sensitivity_leaf_32_lambda_100_00,false,4,5.666182825,4.799193186,-1.923177449,37.073681395,130346034.800177228,124090476.779839006,b973c99f7d697a777e570759bf24bdeb34b420cc3a094b0761dcb51d57fb8c26
1,V18_GPU_MEASURED,4,hero-1m,1000000,66,64,0,uniform__sensitivity_leaf_64_lambda_0_00,false,4,-0.060889712,0.000000000,0.000000000,0.000000000,130346034.800177228,130346034.800177228,9647414974d220f475c3e6e125dabc0ffdc5d8481548f1831203abbf1dcc0bb3
1,V18_GPU_MEASURED,4,hero-1m,1000000,67,64,0.25,uniform__sensitivity_leaf_64_lambda_0_25,false,4,3.251555152,2.960842598,3.793080642,0.021089596,130346034.800177228,126486693.877190156,47454194c483b4feacbbb69fcdcf1160d686893d58a76061bc95d05131017dd3
1,V18_GPU_MEASURED,4,hero-1m,1000000,68,64,0.5,uniform__sensitivity_leaf_64_lambda_0_50,false,4,4.481645399,4.142749339,5.290787263,0.076053594,130346034.800177228,124946125.305065768,6d2e3af33f46885f46af1b935b23a40165891053b7497d093907c317dff8baec
1,V18_GPU_MEASURED,4,hero-1m,1000000,69,64,0.75,uniform__sensitivity_leaf_64_lambda_0_75,false,4,5.246343671,5.009516010,6.353678185,0.216960744,130346034.800177228,123816329.317937776,1a6e5dc8bc250443969b72dfe97f847033456ece3543aafd127c677f846f3e45
1,V18_GPU_MEASURED,4,hero-1m,1000000,70,64,1,uniform__sensitivity_leaf_64_lambda_1_00,false,4,9.423540903,6.083570910,3.249310040,27.126119671,130346034.800177228,122416341.344824832,caef04738c99506ea1df93b64b24afa7baeb16a829e4764285064e538ff51d7d
1,V18_GPU_MEASURED,4,hero-1m,1000000,71,64,2,uniform__sensitivity_leaf_64_lambda_2_00,false,4,9.702480819,6.137626043,3.318694833,27.126119671,130346034.800177228,122345882.621994352,58bf959b14b25c9ac31508f04813b58c1238e5e0dd25468722a4c4d3aa054dbc
1,V18_GPU_MEASURED,4,hero-1m,1000000,72,64,5,uniform__sensitivity_leaf_64_lambda_5_00,false,4,8.066749605,5.503656561,-0.860666115,36.671043825,130346034.800177228,123172236.704541484,75be8958348be6d7fe448ac6df4313475fa6cec73264b1bb91227716d62c7ea9
1,V18_GPU_MEASURED,4,hero-1m,1000000,73,64,10,uniform__sensitivity_leaf_64_lambda_10_00,false,4,7.827652748,5.529747794,-0.842035310,36.702365837,130346034.800177228,123138227.816840350,2d6f408aa9b6b5452bfdb8b00e6d169637ac8417f2ffe197f23476778ad84d3d
1,V18_GPU_MEASURED,4,hero-1m,1000000,74,64,20,uniform__sensitivity_leaf_64_lambda_20_00,false,4,6.018753682,4.857370836,-1.837165678,37.045216536,130346034.800177228,124014644.519393984,36aebcc847ab0ab2969dd2ffdb5136ee9df7d81d969601b753d79d9765173118
1,V18_GPU_MEASURED,4,hero-1m,1000000,75,64,50,uniform__sensitivity_leaf_64_lambda_50_00,false,4,5.607172325,4.750628094,-1.985308105,37.073513776,130346034.800177228,124153779.451381568,fe8416417b12fefc4b9e4b0941c427b2b695b7a04b57ad9f3758c805914c33f9
1,V18_GPU_MEASURED,4,hero-1m,1000000,76,64,100,uniform__sensitivity_leaf_64_lambda_100_00,false,4,5.819187153,4.799193186,-1.923177449,37.073681395,130346034.800177228,124090476.779839006,b973c99f7d697a777e570759bf24bdeb34b420cc3a094b0761dcb51d57fb8c26
